"vid","title","nid","category","age","文件"
" hb12_music_01","穿鞋真舒服","3807","欢乐音乐屋","1-3岁"," hb12_music_01.flv"
" hb12_music_02","过年啦","3808","欢乐音乐屋","1-3岁"," hb12_music_02.flv"
" hb12_music_03","小小萤火虫","3809","欢乐音乐屋","1-3岁"," hb12_music_03.flv"
" hb12_music_04","照镜子","3810","欢乐音乐屋","1-3岁"," hb12_music_04.flv"
" hb12_music_05","吃饭前要洗手","3811","欢乐音乐屋","1-3岁"," hb12_music_05.flv"
" hb12_music_06","布娃娃想回家","3812","欢乐音乐屋","1-3岁"," hb12_music_06.flv"
" hb12_music_07","洗澡歌","3813","欢乐音乐屋","1-3岁"," hb12_music_07.flv"
" hb12_music_08","你好","3814","欢乐音乐屋","1-3岁"," hb12_music_08.flv"
" hb12_music_09","吃饭时用勺子","3815","欢乐音乐屋","1-3岁"," hb12_music_09.flv"
" hb12_music_10","快快飞过来","3816","欢乐音乐屋","1-3岁"," hb12_music_10.flv"
" hb12_music_11","小树叶","3817","欢乐音乐屋","1-3岁"," hb12_music_11.flv"
" hb12_music_12","小鸭","3818","欢乐音乐屋","1-3岁"," hb12_music_12.flv"
" hb12_music_park_01","七步舞","3819","欢乐音乐屋","1-3岁"," hb12_music_park_01.flv"
" hb12_music_park_02","断奏与连奏","3820","欢乐音乐屋","1-3岁"," hb12_music_park_02.flv"
" hb12_music_park_03","手指游戏","3821","欢乐音乐屋","1-3岁"," hb12_music_park_03.flv"
" hb12_music_park_04","触摸宝贝","3822","欢乐音乐屋","1-3岁"," hb12_music_park_04.flv"
" hb12_music_park_05","小马","3823","欢乐音乐屋","1-3岁"," hb12_music_park_05.flv"
" hb12_music_park_06","音乐的高与低","3824","欢乐音乐屋","1-3岁"," hb12_music_park_06.flv"
" hb12_music_park_07","背上的游戏","3825","欢乐音乐屋","1-3岁"," hb12_music_park_07.flv"
" hb12_music_park_08","小猴子","3826","欢乐音乐屋","1-3岁"," hb12_music_park_08.flv"
" hb12_music_park_09","你好","3827","欢乐音乐屋","1-3岁"," hb12_music_park_09.flv"
" hb12_music_park_10","三拍舞","3828","欢乐音乐屋","1-3岁"," hb12_music_park_10.flv"
" hb12_music_park_11","荡秋千","3829","欢乐音乐屋","1-3岁"," hb12_music_park_11.flv"
" hb12_music_park_12","小毛驴","3830","欢乐音乐屋","1-3岁"," hb12_music_park_12.flv"
" hb23_music_01","小白兔","3831","欢乐音乐屋","1-3岁"," hb23_music_01.flv"
" hb23_music_02","年戏","3832","欢乐音乐屋","1-3岁"," hb23_music_02.flv"
" hb23_music_03","春天来啦","3833","欢乐音乐屋","1-3岁"," hb23_music_03.flv"
" hb23_music_04","找春天","3834","欢乐音乐屋","1-3岁"," hb23_music_04.flv"
" hb23_music_05","出来走走路","3835","欢乐音乐屋","1-3岁"," hb23_music_05.flv"
" hb23_music_06","扭扭舞","3836","欢乐音乐屋","1-3岁"," hb23_music_06.flv"
" hb23_music_07","彩球操","3837","欢乐音乐屋","1-3岁"," hb23_music_07.flv"
" hb23_music_08","一起转个圈","3838","欢乐音乐屋","1-3岁"," hb23_music_08.flv"
" hb23_music_09","小刺猬运苹果","3839","欢乐音乐屋","1-3岁"," hb23_music_09.flv"
" hb23_music_10","做早操","3840","欢乐音乐屋","1-3岁"," hb23_music_10.flv"
" hb23_music_11","小鸭子","3841","欢乐音乐屋","1-3岁"," hb23_music_11.flv"
" hb23_music_12","秧歌舞","3842","欢乐音乐屋","1-3岁"," hb23_music_12.flv"
" hb23_music_park_01","海洋球（二）","3843","欢乐音乐屋","1-3岁"," hb23_music_park_01.flv"
" hb23_music_park_02","小兔子与小蛇","3844","欢乐音乐屋","1-3岁"," hb23_music_park_02.flv"
" hb23_music_park_03","小兔子拔萝卜","3845","欢乐音乐屋","1-3岁"," hb23_music_park_03.flv"
" hb23_music_park_04","小乌龟","3846","欢乐音乐屋","1-3岁"," hb23_music_park_04.flv"
" hb23_music_park_05","身体部位","3847","欢乐音乐屋","1-3岁"," hb23_music_park_05.flv"
" hb23_music_park_06","小矮人","3848","欢乐音乐屋","1-3岁"," hb23_music_park_06.flv"
" hb23_music_park_07","变变变","3849","欢乐音乐屋","1-3岁"," hb23_music_park_07.flv"
" hb23_music_park_08","小蜘蛛","3850","欢乐音乐屋","1-3岁"," hb23_music_park_08.flv"
" hb23_music_park_09","大象与小跳蚤","3851","欢乐音乐屋","1-3岁"," hb23_music_park_09.flv"
" hb23_music_park_10","青蛙","3852","欢乐音乐屋","1-3岁"," hb23_music_park_10.flv"
" hb23_music_park_11","爬爬跳跳","3853","欢乐音乐屋","1-3岁"," hb23_music_park_11.flv"
" hb23_music_park_12","海洋球（一）","3854","欢乐音乐屋","1-3岁"," hb23_music_park_12.flv"
" hb34_music_01","小鸡和小鸭","3855","欢乐音乐屋","1-3岁"," hb34_music_01.flv"
" hb34_music_02","机器人之舞","3856","欢乐音乐屋","1-3岁"," hb34_music_02.flv"
" hb34_music_03","煮饺子","3857","欢乐音乐屋","1-3岁"," hb34_music_03.flv"
" hb34_music_04","神奇小厨师","3858","欢乐音乐屋","1-3岁"," hb34_music_04.flv"
" hb34_music_05","小小劳动者","3859","欢乐音乐屋","1-3岁"," hb34_music_05.flv"
" hb34_music_0601","小雨滴","3860","欢乐音乐屋","1-3岁"," hb34_music_0601.flv"
" hb34_music_0602","小鸭子","3861","欢乐音乐屋","1-3岁"," hb34_music_0602.flv"
" hb34_music_park_01","传递游戏（二）","3862","欢乐音乐屋","1-3岁"," hb34_music_park_01.flv"
" hb34_music_park_02","猫和老鼠","3863","欢乐音乐屋","1-3岁"," hb34_music_park_02.flv"
" hb34_music_park_03","五指谣","3864","欢乐音乐屋","1-3岁"," hb34_music_park_03.flv"
" hb34_music_park_04","小金鱼","3865","欢乐音乐屋","1-3岁"," hb34_music_park_04.flv"
" hb34_music_park_05","小袋鼠","3866","欢乐音乐屋","1-3岁"," hb34_music_park_05.flv"
" hb12_park_01","包饺子","3867","亲子游乐园","1-3岁"," hb12_park_01.flv"
" hb12_park_02","恭喜恭喜","3868","亲子游乐园","1-3岁"," hb12_park_02.flv"
" hb12_park_03","十只小狗","3869","亲子游乐园","1-3岁"," hb12_park_03.flv"
" hb12_park_04","拍拍手","3870","亲子游乐园","1-3岁"," hb12_park_04.flv"
" hb12_park_05","我们都是好朋友","3871","亲子游乐园","1-3岁"," hb12_park_05.flv"
" hb12_park_06","踩水花","3872","亲子游乐园","1-3岁"," hb12_park_06.flv"
" hb12_park_07","打电话","3873","亲子游乐园","1-3岁"," hb12_park_07.flv"
" hb12_park_08","拔爸爸","3874","亲子游乐园","1-3岁"," hb12_park_08.flv"
" hb12_park_09","握握拳张张手","3875","亲子游乐园","1-3岁"," hb12_park_09.flv"
" hb12_park_10","蔬菜水果变戏法","3876","亲子游乐园","1-3岁"," hb12_park_10.flv"
" hb12_park_11","大大的，小小的","3877","亲子游乐园","1-3岁"," hb12_park_11.flv"
" hb12_park_12","—雪花","3878","亲子游乐园","1-3岁"," hb12_park_12.flv"
" hb23_park_05","小手会画画","3879","亲子游乐园","1-3岁"," hb23_park_05.flv"
" hb23_park_06","会站立的画","3880","亲子游乐园","1-3岁"," hb23_park_06.flv"
" hb23_park_07","小泡泡大秘密","3881","亲子游乐园","1-3岁"," hb23_park_07.flv"
" hb23_park_10","踩影子","3882","亲子游乐园","1-3岁"," hb23_park_10.flv"
" hb23_park_12","冻冰花","3883","亲子游乐园","1-3岁"," hb23_park_12.flv"
" hb12_cartoon_0101","不怕看医生","3884","益智动画片","1-3岁"," hb12_cartoon_0101.flv"
" hb12_cartoon_0102","北极熊","3885","益智动画片","1-3岁"," hb12_cartoon_0102.flv"
" hb12_cartoon_0103","爸爸回来了","3886","益智动画片","1-3岁"," hb12_cartoon_0103.flv"
" hb12_cartoon_0104","包子和饺子","3887","益智动画片","1-3岁"," hb12_cartoon_0104.flv"
" hb12_cartoon_0105","吃饭喽","3888","益智动画片","1-3岁"," hb12_cartoon_0105.flv"
" hb12_cartoon_0201","布奇是谁","3889","益智动画片","1-3岁"," hb12_cartoon_0201.flv"
" hb12_cartoon_0202","三只小猫","3890","益智动画片","1-3岁"," hb12_cartoon_0202.flv"
" hb12_cartoon_0203","我生气了","3891","益智动画片","1-3岁"," hb12_cartoon_0203.flv"
" hb12_cartoon_0204","绵羊","3892","益智动画片","1-3岁"," hb12_cartoon_0204.flv"
" hb12_cartoon_0301","鸟","3893","益智动画片","1-3岁"," hb12_cartoon_0301.flv"
" hb12_cartoon_0302","对不起","3894","益智动画片","1-3岁"," hb12_cartoon_0302.flv"
" hb12_cartoon_0303","快来数一数","3895","益智动画片","1-3岁"," hb12_cartoon_0303.flv"
" hb12_cartoon_0304","我喜欢你","3896","益智动画片","1-3岁"," hb12_cartoon_0304.flv"
" hb12_cartoon_0305","123","3897","益智动画片","1-3岁"," hb12_cartoon_0305.flv"
" hb12_cartoon_0401","蝴蝶","3898","益智动画片","1-3岁"," hb12_cartoon_0401.flv"
" hb12_cartoon_0402","奇妙的书","3899","益智动画片","1-3岁"," hb12_cartoon_0402.flv"
" hb12_cartoon_0403","小小五官本领大","3900","益智动画片","1-3岁"," hb12_cartoon_0403.flv"
" hb12_cartoon_0404","猜猜这是谁","3901","益智动画片","1-3岁"," hb12_cartoon_0404.flv"
" hb12_cartoon_0501","小鱼游啊游","3902","益智动画片","1-3岁"," hb12_cartoon_0501.flv"
" hb12_cartoon_0502","妈妈，我爱你","3903","益智动画片","1-3岁"," hb12_cartoon_0502.flv"
" hb12_cartoon_0503","我要穿这一件","3904","益智动画片","1-3岁"," hb12_cartoon_0503.flv"
" hb12_cartoon_0504","松鼠","3905","益智动画片","1-3岁"," hb12_cartoon_0504.flv"
" hb12_cartoon_0505","游来游去的鱼","3906","益智动画片","1-3岁"," hb12_cartoon_0505.flv"
" hb12_cartoon_0601","车轮转转转","3907","益智动画片","1-3岁"," hb12_cartoon_0601.flv"
" hb12_cartoon_0602","马","3908","益智动画片","1-3岁"," hb12_cartoon_0602.flv"
" hb12_cartoon_0603","我会说“谢谢”","3909","益智动画片","1-3岁"," hb12_cartoon_0603.flv"
" hb12_cartoon_0604","布奇的新朋友","3910","益智动画片","1-3岁"," hb12_cartoon_0604.flv"
" hb12_cartoon_0605","各种各样的车","3911","益智动画片","1-3岁"," hb12_cartoon_0605.flv"
" hb12_cartoon_0701","形状找朋友","3912","益智动画片","1-3岁"," hb12_cartoon_0701.flv"
" hb12_cartoon_0702","猴子","3913","益智动画片","1-3岁"," hb12_cartoon_0702.flv"
" hb12_cartoon_0703","布奇的波波熊","3914","益智动画片","1-3岁"," hb12_cartoon_0703.flv"
" hb12_cartoon_0704","阿迪逛超市","3915","益智动画片","1-3岁"," hb12_cartoon_0704.flv"
" hb12_cartoon_0705","奇妙的形状","3916","益智动画片","1-3岁"," hb12_cartoon_0705.flv"
" hb12_cartoon_0801","好吃的西瓜和葡萄","3917","益智动画片","1-3岁"," hb12_cartoon_0801.flv"
" hb12_cartoon_0802","我们来洗澡","3918","益智动画片","1-3岁"," hb12_cartoon_0802.flv"
" hb12_cartoon_0803","大象","3919","益智动画片","1-3岁"," hb12_cartoon_0803.flv"
" hb12_cartoon_0804","你怎么哭了？","3920","益智动画片","1-3岁"," hb12_cartoon_0804.flv"
" hb12_cartoon_0805","紫葡萄","3921","益智动画片","1-3岁"," hb12_cartoon_0805.flv"
" hb12_cartoon_0901","三只小狗","3922","益智动画片","1-3岁"," hb12_cartoon_0901.flv"
" hb12_cartoon_0902","和奶奶在一起","3923","益智动画片","1-3岁"," hb12_cartoon_0902.flv"
" hb12_cartoon_0903","好大的勺子","3924","益智动画片","1-3岁"," hb12_cartoon_0903.flv"
" hb12_cartoon_0904","狗","3925","益智动画片","1-3岁"," hb12_cartoon_0904.flv"
" hb12_cartoon_1001","红黄蓝","3926","益智动画片","1-3岁"," hb12_cartoon_1001.flv"
" hb12_cartoon_1002","这是什么东西","3927","益智动画片","1-3岁"," hb12_cartoon_1002.flv"
" hb12_cartoon_1003","颜色变变变","3928","益智动画片","1-3岁"," hb12_cartoon_1003.flv"
" hb12_cartoon_1004","高兴与难过","3929","益智动画片","1-3岁"," hb12_cartoon_1004.flv"
" hb12_cartoon_1005","鸵鸟啊","3930","益智动画片","1-3岁"," hb12_cartoon_1005.flv"
" hb12_cartoon_1101","亲亲小牙刷","3931","益智动画片","1-3岁"," hb12_cartoon_1101.flv"
" hb12_cartoon_1102","大和小","3932","益智动画片","1-3岁"," hb12_cartoon_1102.flv"
" hb12_cartoon_1103","这是你的鞋子吗","3933","益智动画片","1-3岁"," hb12_cartoon_1103.flv"
" hb12_cartoon_1104","长颈鹿","3934","益智动画片","1-3岁"," hb12_cartoon_1104.flv"
" hb12_cartoon_1201","企鹅","3935","益智动画片","1-3岁"," hb12_cartoon_1201.flv"
" hb12_cartoon_1202","再见","3936","益智动画片","1-3岁"," hb12_cartoon_1202.flv"
" hb12_cartoon_1203","小鸭子嘎嘎嘎","3937","益智动画片","1-3岁"," hb12_cartoon_1203.flv"
" hb12_cartoon_1204","晚安宝贝","3938","益智动画片","1-3岁"," hb12_cartoon_1204.flv"
" hb12_cartoon_1205","睡觉啦","3939","益智动画片","1-3岁"," hb12_cartoon_1205.flv"
" hb23_cartoon_0101","一起玩更有趣","3940","益智动画片","1-3岁"," hb23_cartoon_0101.flv"
" hb23_cartoon_0102","交通工具大集合","3941","益智动画片","1-3岁"," hb23_cartoon_0102.flv"
" hb23_cartoon_0103","动物模仿秀","3942","益智动画片","1-3岁"," hb23_cartoon_0103.flv"
" hb23_cartoon_0104","我做妈妈你做爸爸","3943","益智动画片","1-3岁"," hb23_cartoon_0104.flv"
" hb23_cartoon_0105","火车快跑","3944","益智动画片","1-3岁"," hb23_cartoon_0105.flv"
" hb23_cartoon_0201","好朋友抱抱","3945","益智动画片","1-3岁"," hb23_cartoon_0201.flv"
" hb23_cartoon_0202","我的书","3946","益智动画片","1-3岁"," hb23_cartoon_0202.flv"
" hb23_cartoon_0203","比一比谁更长","3947","益智动画片","1-3岁"," hb23_cartoon_0203.flv"
" hb23_cartoon_0204","过年真热闹","3948","益智动画片","1-3岁"," hb23_cartoon_0204.flv"
" hb23_cartoon_0205","这个顺序可不能错","3949","益智动画片","1-3岁"," hb23_cartoon_0205.flv"
" hb23_cartoon_0206","长长的短短的","3950","益智动画片","1-3岁"," hb23_cartoon_0206.flv"
" hb23_cartoon_0301","宝宝会长大","3951","益智动画片","1-3岁"," hb23_cartoon_0301.flv"
" hb23_cartoon_0302","小蝌蚪找妈妈","3952","益智动画片","1-3岁"," hb23_cartoon_0302.flv"
" hb23_cartoon_0303","我给妈妈讲故事","3953","益智动画片","1-3岁"," hb23_cartoon_0303.flv"
" hb23_cartoon_0304","爸爸妈妈和我","3954","益智动画片","1-3岁"," hb23_cartoon_0304.flv"
" hb23_cartoon_0305","爸爸时间到了","3955","益智动画片","1-3岁"," hb23_cartoon_0305.flv"
" hb23_cartoon_0306","这是谁的宝宝","3956","益智动画片","1-3岁"," hb23_cartoon_0306.flv"
" hb23_cartoon_0401","大家一起玩","3957","益智动画片","1-3岁"," hb23_cartoon_0401.flv"
" hb23_cartoon_0402","小蜜蜂找朋友","3958","益智动画片","1-3岁"," hb23_cartoon_0402.flv"
" hb23_cartoon_0403","回家先洗手","3959","益智动画片","1-3岁"," hb23_cartoon_0403.flv"
" hb23_cartoon_0404","春天来了","3960","益智动画片","1-3岁"," hb23_cartoon_0404.flv"
" hb23_cartoon_0405","月亮乖乖快睡觉","3961","益智动画片","1-3岁"," hb23_cartoon_0405.flv"
" hb23_cartoon_0501","会说话的身体","3962","益智动画片","1-3岁"," hb23_cartoon_0501.flv"
" hb23_cartoon_0502","害羞的小米","3963","益智动画片","1-3岁"," hb23_cartoon_0502.flv"
" hb23_cartoon_0503","莫莫爱刷牙","3964","益智动画片","1-3岁"," hb23_cartoon_0503.flv"
" hb23_cartoon_0504","逛书店","3965","益智动画片","1-3岁"," hb23_cartoon_0504.flv"
" hb23_cartoon_0505","这是谁的尾巴","3966","益智动画片","1-3岁"," hb23_cartoon_0505.flv"
" hb23_cartoon_0506","身体真神奇","3967","益智动画片","1-3岁"," hb23_cartoon_0506.flv"
" hb23_cartoon_0601","等一会儿就好","3968","益智动画片","1-3岁"," hb23_cartoon_0601.flv"
" hb23_cartoon_0602","不，我不要","3969","益智动画片","1-3岁"," hb23_cartoon_0602.flv"
" hb23_cartoon_0603","走丢了怎么办","3970","益智动画片","1-3岁"," hb23_cartoon_0603.flv"
" hb23_cartoon_0604","生活中的形状","3971","益智动画片","1-3岁"," hb23_cartoon_0604.flv"
" hb23_cartoon_0605","形状城堡","3972","益智动画片","1-3岁"," hb23_cartoon_0605.flv"
" hb23_cartoon_0606","聪明的小老鼠","3973","益智动画片","1-3岁"," hb23_cartoon_0606.flv"
" hb23_cartoon_0701","我喜欢自己","3974","益智动画片","1-3岁"," hb23_cartoon_0701.flv"
" hb23_cartoon_0702","好想好想吃了它","3975","益智动画片","1-3岁"," hb23_cartoon_0702.flv"
" hb23_cartoon_0703","我们身边的1、2、3","3976","益智动画片","1-3岁"," hb23_cartoon_0703.flv"
" hb23_cartoon_0704","从1数到10","3977","益智动画片","1-3岁"," hb23_cartoon_0704.flv"
" hb23_cartoon_0705","小狸猫办party","3978","益智动画片","1-3岁"," hb23_cartoon_0705.flv"
" hb23_cartoon_0801","一个接一个","3979","益智动画片","1-3岁"," hb23_cartoon_0801.flv"
" hb23_cartoon_0802","明天我还要去幼儿园","3980","益智动画片","1-3岁"," hb23_cartoon_0802.flv"
" hb23_cartoon_0803","红灯停，绿灯行","3981","益智动画片","1-3岁"," hb23_cartoon_0803.flv"
" hb23_cartoon_0804","雨中漫步","3982","益智动画片","1-3岁"," hb23_cartoon_0804.flv"
" hb23_cartoon_0805","你好，幼儿园","3983","益智动画片","1-3岁"," hb23_cartoon_0805.flv"
" hb23_cartoon_0806","猜谜语","3984","益智动画片","1-3岁"," hb23_cartoon_0806.flv"
" hb23_cartoon_0901","一起跳一跳","3985","益智动画片","1-3岁"," hb23_cartoon_0901.flv"
" hb23_cartoon_0902","妈妈是我的","3986","益智动画片","1-3岁"," hb23_cartoon_0902.flv"
" hb23_cartoon_0903","是谁在帮忙","3987","益智动画片","1-3岁"," hb23_cartoon_0903.flv"
" hb23_cartoon_0904","有趣的风筝","3988","益智动画片","1-3岁"," hb23_cartoon_0904.flv"
" hb23_cartoon_0905","风在哪里","3989","益智动画片","1-3岁"," hb23_cartoon_0905.flv"
" hb23_cartoon_1001","嗨哟嗨哟划船喽","3990","益智动画片","1-3岁"," hb23_cartoon_1001.flv"
" hb23_cartoon_1002","太阳出来了","3991","益智动画片","1-3岁"," hb23_cartoon_1002.flv"
" hb23_cartoon_1003","太阳和月亮","3992","益智动画片","1-3岁"," hb23_cartoon_1003.flv"
" hb23_cartoon_1004","快乐学穿衣","3993","益智动画片","1-3岁"," hb23_cartoon_1004.flv"
" hb23_cartoon_1005","白天和黑夜","3994","益智动画片","1-3岁"," hb23_cartoon_1005.flv"
" hb23_cartoon_1101","好好说 不生气","3995","益智动画片","1-3岁"," hb23_cartoon_1101.flv"
" hb23_cartoon_1102","我不挑食","3996","益智动画片","1-3岁"," hb23_cartoon_1102.flv"
" hb23_cartoon_1103","我喜欢书","3997","益智动画片","1-3岁"," hb23_cartoon_1103.flv"
" hb23_cartoon_1104","神奇的声音","3998","益智动画片","1-3岁"," hb23_cartoon_1104.flv"
" hb23_cartoon_1105","雪娃娃 不哭不哭","3999","益智动画片","1-3岁"," hb23_cartoon_1105.flv"
" hb23_cartoon_1201","下雪了","4000","益智动画片","1-3岁"," hb23_cartoon_1201.flv"
" hb23_cartoon_1202","下雪真好玩","4001","益智动画片","1-3岁"," hb23_cartoon_1202.flv"
" hb23_cartoon_1203","原来小影子是我的","4002","益智动画片","1-3岁"," hb23_cartoon_1203.flv"
" hb23_cartoon_1204","自己吃饭香","4003","益智动画片","1-3岁"," hb23_cartoon_1204.flv"
" hb23_cartoon_1205","谁的脚印","4004","益智动画片","1-3岁"," hb23_cartoon_1205.flv"
" hb34_cartoon_0101","乘车安全我知道","4005","益智动画片","1-3岁"," hb34_cartoon_0101.flv"
" hb34_cartoon_0102","各种各样的衣服","4006","益智动画片","1-3岁"," hb34_cartoon_0102.flv"
" 1月3-4合成与分解","合成与分解","4007","益智动画片","1-3岁"," 1月3-4合成与分解.flv"
" hb34_cartoon_0104","开动脑筋想办法","4008","益智动画片","1-3岁"," hb34_cartoon_0104.flv"
" hb34_cartoon_0105","我们的衣服","4009","益智动画片","1-3岁"," hb34_cartoon_0105.flv"
" hb34_cartoon_0106","说到做到我真棒","4010","益智动画片","1-3岁"," hb34_cartoon_0106.flv"
" hb34_cartoon_0201","公共场所懂礼貌","4011","益智动画片","1-3岁"," hb34_cartoon_0201.flv"
" hb34_cartoon_0202","刺猬兄弟分果子","4012","益智动画片","1-3岁"," hb34_cartoon_0202.flv"
" hb34_cartoon_0203","节日里的烟花","4013","益智动画片","1-3岁"," hb34_cartoon_0203.flv"
" hb34_cartoon_0204","试一试我也能做到","4014","益智动画片","1-3岁"," hb34_cartoon_0204.flv"
" hb34_cartoon_0205","过年啦","4015","益智动画片","1-3岁"," hb34_cartoon_0205.flv"
" hb34_cartoon_0206","这样读书真有趣","4016","益智动画片","1-3岁"," hb34_cartoon_0206.flv"
" hb34_cartoon_0301","动物大聚餐","4017","益智动画片","1-3岁"," hb34_cartoon_0301.flv"
" hb34_cartoon_0302","奇妙的植物","4018","益智动画片","1-3岁"," hb34_cartoon_0302.flv"
" hb34_cartoon_0303","我不要做小魔怪","4019","益智动画片","1-3岁"," hb34_cartoon_0303.flv"
" hb34_cartoon_0304","我是健康宝宝","4020","益智动画片","1-3岁"," hb34_cartoon_0304.flv"
" hb34_cartoon_0305","本领大挑战","4021","益智动画片","1-3岁"," hb34_cartoon_0305.flv"
" hb34_cartoon_0306","预防疾病我知道","4022","益智动画片","1-3岁"," hb34_cartoon_0306.flv"
" hb34_cartoon_0401","买水果","4023","益智动画片","1-3岁"," hb34_cartoon_0401.flv"
" hb34_cartoon_0402","我来说一说","4024","益智动画片","1-3岁"," hb34_cartoon_0402.flv"
" hb34_cartoon_0403","特别的礼物","4025","益智动画片","1-3岁"," hb34_cartoon_0403.flv"
" hb34_cartoon_0404","美味的甜点","4026","益智动画片","1-3岁"," hb34_cartoon_0404.flv"
" hb34_cartoon_0405","送蛋宝宝回家","4027","益智动画片","1-3岁"," hb34_cartoon_0405.flv"
" hb34_cartoon_0501","我来帮助你","4028","益智动画片","1-3岁"," hb34_cartoon_0501.flv"
" hb34_cartoon_0502","故事里来的小木偶","4029","益智动画片","1-3岁"," hb34_cartoon_0502.flv"
" hb34_cartoon_0503","耐心等一等","4030","益智动画片","1-3岁"," hb34_cartoon_0503.flv"
" hb34_cartoon_0504","魔幻城堡之旅","4031","益智动画片","1-3岁"," hb34_cartoon_0504.flv"
" hb34_cartoon_0505","热闹的马路","4032","益智动画片","1-3岁"," hb34_cartoon_0505.flv"
" 5月3-4美丽的庭院","美丽的庭院","4033","益智动画片","1-3岁"," 5月3-4美丽的庭院.flv"
" hb34_cartoon_0601","了不起的爸爸","4034","益智动画片","1-3岁"," hb34_cartoon_0601.flv"
" hb34_cartoon_0602","好好回答问题","4035","益智动画片","1-3岁"," hb34_cartoon_0602.flv"
" hb34_cartoon_0603","阿拉丁神灯","4036","益智动画片","1-3岁"," hb34_cartoon_0603.flv"
" hb34_cartoon_0604","书是怎么来的","4037","益智动画片","1-3岁"," hb34_cartoon_0604.flv"
" hb23_play_10","真棒","4038","英语小剧场","1-3岁"," hb23_play_10.flv"
" hb23_play_11","对不起","4039","英语小剧场","1-3岁"," hb23_play_11.flv"
" hb23_play_12","快帮忙啊","4040","英语小剧场","1-3岁"," hb23_play_12.flv"
" hb23_play_01","长大了","4041","英语小剧场","1-3岁"," hb23_play_01.flv"
" hb23_play_02","小心啊","4042","英语小剧场","1-3岁"," hb23_play_02.flv"
" hb23_play_03","谢谢你","4043","英语小剧场","1-3岁"," hb23_play_03.flv"
" hb23_play_04","快点儿","4044","英语小剧场","1-3岁"," hb23_play_04.flv"
" hb23_play_05","哦，不！","4045","英语小剧场","1-3岁"," hb23_play_05.flv"
" hb23_play_06","真好玩","4046","英语小剧场","1-3岁"," hb23_play_06.flv"
" hb23_play_07","做得好","4047","英语小剧场","1-3岁"," hb23_play_07.flv"
" hb23_play_08","哇塞","4048","英语小剧场","1-3岁"," hb23_play_08.flv"
" hb23_play_09","你好","4049","英语小剧场","1-3岁"," hb23_play_09.flv"
" hb34_play_01","三条小鱼","4050","英语小剧场","1-3岁"," hb34_play_01.flv"
" hb34_play_02","天鹅的画","4051","英语小剧场","1-3岁"," hb34_play_02.flv"
" hb34_play_03","我们的一家","4052","英语小剧场","1-3岁"," hb34_play_03.flv"
" hb34_play_04","我的超级妈妈","4053","英语小剧场","1-3岁"," hb34_play_04.flv"
" hb34_play_05","家庭日","4054","英语小剧场","1-3岁"," hb34_play_05.flv"
" hb34_play_06","真好吃","4055","英语小剧场","1-3岁"," hb34_play_06.flv"
" hb34_music_07","手指操","4056","欢乐音乐屋","4-6岁"," hb34_music_07.flv"
" hb34_music_08","动物起床歌","4057","欢乐音乐屋","4-6岁"," hb34_music_08.flv"
" hb34_music_09","小种子发芽了","4058","欢乐音乐屋","4-6岁"," hb34_music_09.flv"
" hb34_music_10","乌龟游啊游","4059","欢乐音乐屋","4-6岁"," hb34_music_10.flv"
" hb34_music_11","一起来跳舞","4060","欢乐音乐屋","4-6岁"," hb34_music_11.flv"
" hb34_music_12","小雪花","4061","欢乐音乐屋","4-6岁"," hb34_music_12.flv"
" hb45_music_0101","划小船","4062","欢乐音乐屋","4-6岁"," hb45_music_0101.flv"
" hb45_music_0102","拉大锯扯大锯","4063","欢乐音乐屋","4-6岁"," hb45_music_0102.flv"
" hb45_music_0201","小小魔术师","4064","欢乐音乐屋","4-6岁"," hb45_music_0201.flv"
" hb45_music_0202","彩色沙锤","4065","欢乐音乐屋","4-6岁"," hb45_music_0202.flv"
" hb45_music_0301","镜子舞","4066","欢乐音乐屋","4-6岁"," hb45_music_0301.flv"
" hb45_music_0302","快乐的小厨师","4067","欢乐音乐屋","4-6岁"," hb45_music_0302.flv"
" hb45_music_0401","小汽车","4068","欢乐音乐屋","4-6岁"," hb45_music_0401.flv"
" hb45_music_0402","放风筝","4069","欢乐音乐屋","4-6岁"," hb45_music_0402.flv"
" hb45_music_0501","我是快乐好宝宝","4070","欢乐音乐屋","4-6岁"," hb45_music_0501.flv"
" hb45_music_0502","小手游戏","4071","欢乐音乐屋","4-6岁"," hb45_music_0502.flv"
" hb45_music_0601","梦想","4072","欢乐音乐屋","4-6岁"," hb45_music_0601.flv"
" hb45_music_0602","乐器演奏","4073","欢乐音乐屋","4-6岁"," hb45_music_0602.flv"
" hb45_music_0701","彩虹桥","4074","欢乐音乐屋","4-6岁"," hb45_music_0701.flv"
" hb45_music_0702","打蚊子","4075","欢乐音乐屋","4-6岁"," hb45_music_0702.flv"
" hb45_music_0801","蓝蓝大海边","4076","欢乐音乐屋","4-6岁"," hb45_music_0801.flv"
" hb45_music_0802","蚂蚁与大树","4077","欢乐音乐屋","4-6岁"," hb45_music_0802.flv"
" hb45_music_0901","我们去郊游","4078","欢乐音乐屋","4-6岁"," hb45_music_0901.flv"
" hb45_music_0902","盘子与饼干","4079","欢乐音乐屋","4-6岁"," hb45_music_0902.flv"
" hb45_music_1001","回声","4080","欢乐音乐屋","4-6岁"," hb45_music_1001.flv"
" hb45_music_1002","我的小花园","4081","欢乐音乐屋","4-6岁"," hb45_music_1002.flv"
" hb45_music_1101","动物园","4082","欢乐音乐屋","4-6岁"," hb45_music_1101.flv"
" hb45_music_1102","小孔雀","4083","欢乐音乐屋","4-6岁"," hb45_music_1102.flv"
" hb45_music_1201","小种子","4084","欢乐音乐屋","4-6岁"," hb45_music_1201.flv"
" hb45_music_1202","指挥家与舞蹈家","4085","欢乐音乐屋","4-6岁"," hb45_music_1202.flv"
" hb56_music_0101","小星星和小月亮","4086","欢乐音乐屋","4-6岁"," hb56_music_0101.flv"
" hb56_music_0102","快乐拼音律动操（一）声母g、k、h","4087","欢乐音乐屋","4-6岁"," hb56_music_0102.flv"
" hb56_music_0103","快乐拼音律动操（二）声母g、k加强训练","4088","欢乐音乐屋","4-6岁"," hb56_music_0103.flv"
" hb56_music_0201","快乐马车","4089","欢乐音乐屋","4-6岁"," hb56_music_0201.flv"
" hb56_music_0202","快乐拼音律动操（一）声母j、q、x","4090","欢乐音乐屋","4-6岁"," hb56_music_0202.flv"
" hb56_music_0203","快乐拼音律动操（二）声母j、q加强训练","4091","欢乐音乐屋","4-6岁"," hb56_music_0203.flv"
" hb56_music_0301","影子舞","4092","欢乐音乐屋","4-6岁"," hb56_music_0301.flv"
" hb56_music_0302","快乐拼音律动操(一)声母zh、ch、sh","4093","欢乐音乐屋","4-6岁"," hb56_music_0302.flv"
" hb56_music_0303","快乐拼音律动操（二）声母zh、ch加强训练","4094","欢乐音乐屋","4-6岁"," hb56_music_0303.flv"
" hb56_music_0401","拨弦","4095","欢乐音乐屋","4-6岁"," hb56_music_0401.flv"
" hb56_music_0402","快乐拼音律动操（一）声母z、c、s","4096","欢乐音乐屋","4-6岁"," hb56_music_0402.flv"
" hb56_music_0403","快乐拼音律动操（二）声母z、c、s、zh、ch、sh加强训练","4097","欢乐音乐屋","4-6岁"," hb56_music_0403.flv"
" hb56_music_0501","走与停","4098","欢乐音乐屋","4-6岁"," hb56_music_0501.flv"
" hb56_music_0502","快乐拼音律动操（一）声母r","4099","欢乐音乐屋","4-6岁"," hb56_music_0502.flv"
" hb56_music_0503","快乐拼音律动操（二）声母r和zh、ch、sh的发音训练","4100","欢乐音乐屋","4-6岁"," hb56_music_0503.flv"
" hb56_music_0601","身体打击乐（一）","4102","欢乐音乐屋","4-6岁"," hb56_music_0601.flv"
" hb56_music_0602","快乐拼音律动操（一）声母Y和i音","4103","欢乐音乐屋","4-6岁"," hb56_music_0602.flv"
" hb56_music_0603","快乐拼音律动操（二）声母Y和ü音","4104","欢乐音乐屋","4-6岁"," hb56_music_0603.flv"
" hb56_music_0701","身体打击乐（二）","4105","欢乐音乐屋","4-6岁"," hb56_music_0701.flv"
" hb56_music_0702","快乐拼音律动操声母w","4106","欢乐音乐屋","4-6岁"," hb56_music_0702.flv"
" hb56_music_0801","数蛤蟆","4107","欢乐音乐屋","4-6岁"," hb56_music_0801.flv"
" hb56_music_0802","快乐拼音律动操拼音总动员","4108","欢乐音乐屋","4-6岁"," hb56_music_0802.flv"
" hb56_music_0901","一起来问好","4109","欢乐音乐屋","4-6岁"," hb56_music_0901.flv"
" hb56_music_0902","快乐拼音律动操(一)声调","4110","欢乐音乐屋","4-6岁"," hb56_music_0902.flv"
" hb56_music_0903","快乐拼音律动操(二)声母bpm","4111","欢乐音乐屋","4-6岁"," hb56_music_0903.flv"
" hb56_music_1001","火车（一）","4112","欢乐音乐屋","4-6岁"," hb56_music_1001.flv"
" hb56_music_1002","快乐拼音律动操（一）声母f","4113","欢乐音乐屋","4-6岁"," hb56_music_1002.flv"
" hb56_music_1003","快乐拼音律动操（二）声母f加强训练","4114","欢乐音乐屋","4-6岁"," hb56_music_1003.flv"
" hb56_music_1101","快乐拼音律动操（一）声母d和t","4115","欢乐音乐屋","4-6岁"," hb56_music_1101.flv"
" hb56_music_1102","快乐拼音律动操（二）声母d、t加强训练","4116","欢乐音乐屋","4-6岁"," hb56_music_1102.flv"
" hb56_music_1103","火车（二）","4117","欢乐音乐屋","4-6岁"," hb56_music_1103.flv"
" hb56_music_1201","传球游戏","4118","欢乐音乐屋","4-6岁"," hb56_music_1201.flv"
" hb56_music_1202","快乐拼音律动操（一）声母n和l","4119","欢乐音乐屋","4-6岁"," hb56_music_1202.flv"
" hb56_music_1203","快乐拼音律动操（二）声母n和l加强训练","4120","欢乐音乐屋","4-6岁"," hb56_music_1203.flv"
" hb34_park_08","会唱歌的水杯","4121","亲子游乐园","4-6岁"," hb34_park_08.flv"
" hb34_park_11","舞林大会","4122","亲子游乐园","4-6岁"," hb34_park_11.flv"
" hb34_park_12","有趣的形状游戏","4123","亲子游乐园","4-6岁"," hb34_park_12.flv"
" hb34_music_park_07","小熊","4124","欢乐音乐屋","4-6岁"," hb34_music_park_07.flv"
" hb34_music_park_08","我给妈妈做按摩","4125","欢乐音乐屋","4-6岁"," hb34_music_park_08.flv"
" hb34_music_park_09","小兔子","4126","欢乐音乐屋","4-6岁"," hb34_music_park_09.flv"
" hb34_music_park_10","小鸟","4127","欢乐音乐屋","4-6岁"," hb34_music_park_10.flv"
" hb34_music_park_11","身体打击乐","4128","欢乐音乐屋","4-6岁"," hb34_music_park_11.flv"
" hb34_music_park_12","传递游戏（一）","4129","欢乐音乐屋","4-6岁"," hb34_music_park_12.flv"
" hb45_park_01","好玩的毛线","4130","亲子游乐园","4-6岁"," hb45_park_01.flv"
" hb45_park_02","魔术大会","4131","亲子游乐园","4-6岁"," hb45_park_02.flv"
" hb45_park_03","我的动物园","4132","亲子游乐园","4-6岁"," hb45_park_03.flv"
" hb45_park_05","纸杯变变变","4133","亲子游乐园","4-6岁"," hb45_park_05.flv"
" hb45_park_08","“东南西北”猜猜看","4134","亲子游乐园","4-6岁"," hb45_park_08.flv"
" hb45_park_10","趣味足球赛","4135","亲子游乐园","4-6岁"," hb45_park_10.flv"
" hb45_park_12","运水小魔术","4136","亲子游乐园","4-6岁"," hb45_park_12.flv"
" hb56_park_05","欢乐采茶歌","4137","亲子游乐园","4-6岁"," hb56_park_05.flv"
" hb34_cartoon_0701","水果娃娃来洗澡","4138","益智动画片","4-6岁"," hb34_cartoon_0701.flv"
" hb34_cartoon_0702","没关系，你不是故意的","4139","益智动画片","4-6岁"," hb34_cartoon_0702.flv"
" hb34_cartoon_0703","找到答案啦","4140","益智动画片","4-6岁"," hb34_cartoon_0703.flv"
" hb34_cartoon_0704","小兔子和数字宝宝","4141","益智动画片","4-6岁"," hb34_cartoon_0704.flv"
" hb34_cartoon_0705","快乐的夏天","4142","益智动画片","4-6岁"," hb34_cartoon_0705.flv"
" hb34_cartoon_0706","夏天找凉快，动物们的夏天","4143","益智动画片","4-6岁"," hb34_cartoon_0706.flv"
" hb34_cartoon_0801","安全小卫士","4144","益智动画片","4-6岁"," hb34_cartoon_0801.flv"
" hb34_cartoon_0802","我真的很棒","4145","益智动画片","4-6岁"," hb34_cartoon_0802.flv"
" hb34_cartoon_0803","小熊家的新房子","4146","益智动画片","4-6岁"," hb34_cartoon_0803.flv"
" hb34_cartoon_0804","农场学校","4147","益智动画片","4-6岁"," hb34_cartoon_0804.flv"
" hb34_cartoon_0805","农场里的故事","4148","益智动画片","4-6岁"," hb34_cartoon_0805.flv"
" hb34_cartoon_0901","小耳朵仔细听","4149","益智动画片","4-6岁"," hb34_cartoon_0901.flv"
" hb34_cartoon_0902","我会照顾自己","4150","益智动画片","4-6岁"," hb34_cartoon_0902.flv"
" hb34_cartoon_0903","爱的味道","4151","益智动画片","4-6岁"," hb34_cartoon_0903.flv"
" hb34_cartoon_0904","特别的鸟","4152","益智动画片","4-6岁"," hb34_cartoon_0904.flv"
" hb34_cartoon_0905","神奇的形状画","4153","益智动画片","4-6岁"," hb34_cartoon_0905.flv"
" hb34_cartoon_0906","鸟类朋友","4154","益智动画片","4-6岁"," hb34_cartoon_0906.flv"
" hb34_cartoon_1001","仔细观察才知道","4155","益智动画片","4-6岁"," hb34_cartoon_1001.flv"
" hb34_cartoon_1002","学会交朋友","4156","益智动画片","4-6岁"," hb34_cartoon_1002.flv"
" hb34_cartoon_1003","小熊过生日","4157","益智动画片","4-6岁"," hb34_cartoon_1003.flv"
" hb34_cartoon_1004","我们的社区","4158","益智动画片","4-6岁"," hb34_cartoon_1004.flv"
" hb34_cartoon_1005","我来当船长","4159","益智动画片","4-6岁"," hb34_cartoon_1005.flv"
" hb34_cartoon_1006","新布谷鸟飞来了","4160","益智动画片","4-6岁"," hb34_cartoon_1006.flv"
" hb34_cartoon_1101","今天我长大了","4161","益智动画片","4-6岁"," hb34_cartoon_1101.flv"
" hb34_cartoon_1102","健康饮食我知道","4162","益智动画片","4-6岁"," hb34_cartoon_1102.flv"
" hb34_cartoon_1103","大和小","4163","益智动画片","4-6岁"," hb34_cartoon_1103.flv"
" hb34_cartoon_1104","妈妈生日快乐","4164","益智动画片","4-6岁"," hb34_cartoon_1104.flv"
" hb34_cartoon_1105","我爱旅行","4165","益智动画片","4-6岁"," hb34_cartoon_1105.flv"
" hb34_cartoon_1106","我的兴趣","4166","益智动画片","4-6岁"," hb34_cartoon_1106.flv"
" hb34_cartoon_1201","冬天里的运动","4167","益智动画片","4-6岁"," hb34_cartoon_1201.flv"
" hb34_cartoon_1202","寻找魔法棒","4168","益智动画片","4-6岁"," hb34_cartoon_1202.flv"
" hb34_cartoon_1203","拔蘑菇","4169","益智动画片","4-6岁"," hb34_cartoon_1203.flv"
" hb34_cartoon_1204","提前做准备","4170","益智动画片","4-6岁"," hb34_cartoon_1204.flv"
" hb34_cartoon_1205","海洋动物","4171","益智动画片","4-6岁"," hb34_cartoon_1205.flv"
" hb34_cartoon_1206","雪地上的乐趣","4172","益智动画片","4-6岁"," hb34_cartoon_1206.flv"
" hb45_cartoon_0101","《有趣的塑料》","4173","益智动画片","4-6岁"," hb45_cartoon_0101.flv"
" hb45_cartoon_0102","分西瓜","4174","益智动画片","4-6岁"," hb45_cartoon_0102.flv"
" hb45_cartoon_0103","好好玩不吵架一","4175","益智动画片","4-6岁"," hb45_cartoon_0103.flv"
" hb45_cartoon_0104","好好玩不吵架二","4176","益智动画片","4-6岁"," hb45_cartoon_0104.flv"
" hb45_cartoon_0105","我能打败大妖怪","4177","益智动画片","4-6岁"," hb45_cartoon_0105.flv"
" hb45_cartoon_0201","哪边多","4178","益智动画片","4-6岁"," hb45_cartoon_0201.flv"
" hb45_cartoon_0202","大胆表现我最棒","4179","益智动画片","4-6岁"," hb45_cartoon_0202.flv"
" hb45_cartoon_0203","植物探秘","4180","益智动画片","4-6岁"," hb45_cartoon_0203.flv"
" hb45_cartoon_0204","热热那闹闹元宵节","4181","益智动画片","4-6岁"," hb45_cartoon_0204.flv"
" hb45_cartoon_0205","糟了，白云要掉下来了","4182","益智动画片","4-6岁"," hb45_cartoon_0205.flv"
" hb45_cartoon_0301","两个两个数","4183","益智动画片","4-6岁"," hb45_cartoon_0301.flv"
" hb45_cartoon_0302","了不起的职业","4184","益智动画片","4-6岁"," hb45_cartoon_0302.flv"
" hb45_cartoon_0303","合作多愉快","4185","益智动画片","4-6岁"," hb45_cartoon_0303.flv"
" hb45_cartoon_0304","寄给爸爸的拥抱","4186","益智动画片","4-6岁"," hb45_cartoon_0304.flv"
" hb45_cartoon_0305","特色民居","4187","益智动画片","4-6岁"," hb45_cartoon_0305.flv"
" hb45_cartoon_0401","地球你好","4188","益智动画片","4-6岁"," hb45_cartoon_0401.flv"
" hb45_cartoon_0402","大家一起来帮忙","4189","益智动画片","4-6岁"," hb45_cartoon_0402.flv"
" hb45_cartoon_0403","我的嘴巴回来了","4190","益智动画片","4-6岁"," hb45_cartoon_0403.flv"
" hb45_cartoon_0404","村居","4191","益智动画片","4-6岁"," hb45_cartoon_0404.flv"
" hb45_cartoon_0405","森林晚会","4192","益智动画片","4-6岁"," hb45_cartoon_0405.flv"
" hb45_cartoon_0501","乌鸦喝水","4193","益智动画片","4-6岁"," hb45_cartoon_0501.flv"
" hb45_cartoon_0502","对不起，朋友","4194","益智动画片","4-6岁"," hb45_cartoon_0502.flv"
" hb45_cartoon_0503","奇怪的花园","4195","益智动画片","4-6岁"," hb45_cartoon_0503.flv"
" hb45_cartoon_0504","水的旅行","4196","益智动画片","4-6岁"," hb45_cartoon_0504.flv"
" hb45_cartoon_0505","小米的花裙子","4197","益智动画片","4-6岁"," hb45_cartoon_0505.flv"
" hb45_cartoon_0601","中国娃娃有趣的京剧","4198","益智动画片","4-6岁"," hb45_cartoon_0601.flv"
" hb45_cartoon_0602","我从哪里来","4199","益智动画片","4-6岁"," hb45_cartoon_0602.flv"
" hb45_cartoon_0603","小眼睛大世界感官探秘","4200","益智动画片","4-6岁"," hb45_cartoon_0603.flv"
" hb45_cartoon_0604","你想坐我的脚踏车吗","4201","益智动画片","4-6岁"," hb45_cartoon_0604.flv"
" hb45_cartoon_0605","在森林里","4202","益智动画片","4-6岁"," hb45_cartoon_0605.flv"
" hb45_cartoon_0606","我和你不同","4203","益智动画片","4-6岁"," hb45_cartoon_0606.flv"
" hb45_cartoon_0701","中国娃娃陶艺乐趣多","4204","益智动画片","4-6岁"," hb45_cartoon_0701.flv"
" hb45_cartoon_0702","三只小猪","4205","益智动画片","4-6岁"," hb45_cartoon_0702.flv"
" hb45_cartoon_0703","小眼睛大世界小小建筑师","4206","益智动画片","4-6岁"," hb45_cartoon_0703.flv"
" hb45_cartoon_0704","是我打翻了草莓酱","4207","益智动画片","4-6岁"," hb45_cartoon_0704.flv"
" hb45_cartoon_0705","兔宝宝学分类","4208","益智动画片","4-6岁"," hb45_cartoon_0705.flv"
" hb45_cartoon_0706","你的感受我知道","4209","益智动画片","4-6岁"," hb45_cartoon_0706.flv"
" hb45_cartoon_0801","小兔过河","4210","益智动画片","4-6岁"," hb45_cartoon_0801.flv"
" hb45_cartoon_0802","小眼睛大世界动物王国","4211","益智动画片","4-6岁"," hb45_cartoon_0802.flv"
" hb45_cartoon_0803","我们去找宝藏吧","4212","益智动画片","4-6岁"," hb45_cartoon_0803.flv"
" hb45_cartoon_0804","美丽的池塘","4213","益智动画片","4-6岁"," hb45_cartoon_0804.flv"
" hb45_cartoon_0805","男孩和女孩","4214","益智动画片","4-6岁"," hb45_cartoon_0805.flv"
" hb45_cartoon_0901","蚂蚁飞上天","4215","益智动画片","4-6岁"," hb45_cartoon_0901.flv"
" hb45_cartoon_0902","有趣的号码牌","4216","益智动画片","4-6岁"," hb45_cartoon_0902.flv"
" hb45_cartoon_0903","汪汪乖乖我爱你","4217","益智动画片","4-6岁"," hb45_cartoon_0903.flv"
" hb45_cartoon_0904","我和爸爸","4218","益智动画片","4-6岁"," hb45_cartoon_0904.flv"
" hb45_cartoon_0905","神奇的电","4219","益智动画片","4-6岁"," hb45_cartoon_0905.flv"
" hb45_cartoon_1001","了不起的竹子","4220","益智动画片","4-6岁"," hb45_cartoon_1001.flv"
" hb45_cartoon_1002","小鸡掉进洞里了","4221","益智动画片","4-6岁"," hb45_cartoon_1002.flv"
" hb45_cartoon_1003","我们都是好朋友","4222","益智动画片","4-6岁"," hb45_cartoon_1003.flv"
" hb45_cartoon_1004","木屋里的老爷爷","4223","益智动画片","4-6岁"," hb45_cartoon_1004.flv"
" hb45_cartoon_1005","真的一样多吗","4224","益智动画片","4-6岁"," hb45_cartoon_1005.flv"
" hb45_cartoon_1006","食物的秘密","4225","益智动画片","4-6岁"," hb45_cartoon_1006.flv"
" hb45_cartoon_1101","和小熊一起玩","4226","益智动画片","4-6岁"," hb45_cartoon_1101.flv"
" hb45_cartoon_1102","大自然的合作","4227","益智动画片","4-6岁"," hb45_cartoon_1102.flv"
" hb45_cartoon_1103","我想做个宇航员","4228","益智动画片","4-6岁"," hb45_cartoon_1103.flv"
" hb45_cartoon_1104","新龟兔赛跑","4229","益智动画片","4-6岁"," hb45_cartoon_1104.flv"
" hb45_cartoon_1105","民族大观园","4230","益智动画片","4-6岁"," hb45_cartoon_1105.flv"
" hb45_cartoon_1106","老师 我喜欢你","4231","益智动画片","4-6岁"," hb45_cartoon_1106.flv"
" hb45_cartoon_1201","再也不画一半了","4232","益智动画片","4-6岁"," hb45_cartoon_1201.flv"
" hb45_cartoon_1202","困难我不怕","4233","益智动画片","4-6岁"," hb45_cartoon_1202.flv"
" hb45_cartoon_1203","奇妙的四季","4234","益智动画片","4-6岁"," hb45_cartoon_1203.flv"
" hb45_cartoon_1204","未来的汽车","4235","益智动画片","4-6岁"," hb45_cartoon_1204.flv"
" hb45_cartoon_1205","美味的早餐","4236","益智动画片","4-6岁"," hb45_cartoon_1205.flv"
" hb56_cartoon_0101","神奇的镜子","4237","益智动画片","4-6岁"," hb56_cartoon_0101.flv"
" hb56_cartoon_0102","亡羊补牢","4238","益智动画片","4-6岁"," hb56_cartoon_0102.flv"
" hb56_cartoon_0103","土字旁的汉字","4239","益智动画片","4-6岁"," hb56_cartoon_0103.flv"
" hb56_cartoon_0104","好好合作玩游戏","4240","益智动画片","4-6岁"," hb56_cartoon_0104.flv"
" hb56_cartoon_0105","我能照顾好妹妹","4241","益智动画片","4-6岁"," hb56_cartoon_0105.flv"
" hb56_cartoon_0106","昆虫的奥秘","4242","益智动画片","4-6岁"," hb56_cartoon_0106.flv"
" hb56_cartoon_0107","木字旁的汉字","4243","益智动画片","4-6岁"," hb56_cartoon_0107.flv"
" hb56_cartoon_0201","大自然的魔力","4244","益智动画片","4-6岁"," hb56_cartoon_0201.flv"
" hb56_cartoon_0202","小米的心情变晴了","4245","益智动画片","4-6岁"," hb56_cartoon_0202.flv"
" hb56_cartoon_0203","我会看日历","4246","益智动画片","4-6岁"," hb56_cartoon_0203.flv"
" hb56_cartoon_0204","画蛇添足","4247","益智动画片","4-6岁"," hb56_cartoon_0204.flv"
" hb56_cartoon_0205","绞丝旁的汉字","4248","益智动画片","4-6岁"," hb56_cartoon_0205.flv"
" hb56_cartoon_0206","衣字（衤）旁的汉字","4249","益智动画片","4-6岁"," hb56_cartoon_0206.flv"
" hb56_cartoon_0207","越变越大的魔力扇","4250","益智动画片","4-6岁"," hb56_cartoon_0207.flv"
" hb56_cartoon_0301","世界上最美味的蛋糕","4251","益智动画片","4-6岁"," hb56_cartoon_0301.flv"
" hb56_cartoon_0302","五个鼠宝宝","4252","益智动画片","4-6岁"," hb56_cartoon_0302.flv"
" hb56_cartoon_0303","人体大发现","4253","益智动画片","4-6岁"," hb56_cartoon_0303.flv"
" hb56_cartoon_0304","我来帮助你","4254","益智动画片","4-6岁"," hb56_cartoon_0304.flv"
" hb56_cartoon_0305","掩耳盗铃","4255","益智动画片","4-6岁"," hb56_cartoon_0305.flv"
" hb56_cartoon_0306","目字旁的汉字","4256","益智动画片","4-6岁"," hb56_cartoon_0306.flv"
" hb56_cartoon_0401","反犬旁的汉字","4257","益智动画片","4-6岁"," hb56_cartoon_0401.flv"
" hb56_cartoon_0402","小老鼠偷金币","4258","益智动画片","4-6岁"," hb56_cartoon_0402.flv"
" hb56_cartoon_0403","形形色色的车","4259","益智动画片","4-6岁"," hb56_cartoon_0403.flv"
" hb56_cartoon_0404","要是没有了耳朵","4260","益智动画片","4-6岁"," hb56_cartoon_0404.flv"
" hb56_cartoon_0405","遇到意外我不怕","4261","益智动画片","4-6岁"," hb56_cartoon_0405.flv"
" hb56_cartoon_0406","邯郸学步","4262","益智动画片","4-6岁"," hb56_cartoon_0406.flv"
" hb56_cartoon_0501","地球村的居民","4263","益智动画片","4-6岁"," hb56_cartoon_0501.flv"
" hb56_cartoon_0502","树房子里的新客人","4264","益智动画片","4-6岁"," hb56_cartoon_0502.flv"
" hb56_cartoon_0503","浣熊兄弟学木匠","4265","益智动画片","4-6岁"," hb56_cartoon_0503.flv"
" hb56_cartoon_0504","一起来分享","4266","益智动画片","4-6岁"," hb56_cartoon_0504.flv"
" hb56_cartoon_0505","口字旁的汉字","4267","益智动画片","4-6岁"," hb56_cartoon_0505.flv"
" hb56_cartoon_0601","海底漫游","4268","益智动画片","4-6岁"," hb56_cartoon_0601.flv"
" hb56_cartoon_0602","这可不是一件小事情","4269","益智动画片","4-6岁"," hb56_cartoon_0602.flv"
" hb56_cartoon_0603","叮叮咚咚去超市","4270","益智动画片","4-6岁"," hb56_cartoon_0603.flv"
" hb56_cartoon_0604","每个人都很重要","4271","益智动画片","4-6岁"," hb56_cartoon_0604.flv"
" hb56_cartoon_0605","“氵”偏旁的汉字","4272","益智动画片","4-6岁"," hb56_cartoon_0605.flv"
" hb56_cartoon_0701","改变生活的发明","4273","益智动画片","4-6岁"," hb56_cartoon_0701.flv"
" hb56_cartoon_0702","我有自己的小存折啦","4274","益智动画片","4-6岁"," hb56_cartoon_0702.flv"
" hb56_cartoon_0703","勇闯图形岛","4275","益智动画片","4-6岁"," hb56_cartoon_0703.flv"
" hb56_cartoon_0704","小小志愿者","4276","益智动画片","4-6岁"," hb56_cartoon_0704.flv"
" hb56_cartoon_0705","竖心旁和心字旁的汉字","4277","益智动画片","4-6岁"," hb56_cartoon_0705.flv"
" hb56_cartoon_0801","中国功夫","4278","益智动画片","4-6岁"," hb56_cartoon_0801.flv"
" hb56_cartoon_0802","各种各样的运动","4279","益智动画片","4-6岁"," hb56_cartoon_0802.flv"
" hb56_cartoon_0803","幼儿园来了个男老师","4280","益智动画片","4-6岁"," hb56_cartoon_0803.flv"
" hb56_cartoon_0804","魔术师","4281","益智动画片","4-6岁"," hb56_cartoon_0804.flv"
" hb56_cartoon_0805","小艾大反串","4282","益智动画片","4-6岁"," hb56_cartoon_0805.flv"
" hb56_cartoon_0806","“日”字旁的汉字","4283","益智动画片","4-6岁"," hb56_cartoon_0806.flv"
" hb56_cartoon_0901","拔苗助长","4284","益智动画片","4-6岁"," hb56_cartoon_0901.flv"
" hb56_cartoon_0902","有趣的食物链","4285","益智动画片","4-6岁"," hb56_cartoon_0902.flv"
" hb56_cartoon_0903","小蜗牛的秘密","4286","益智动画片","4-6岁"," hb56_cartoon_0903.flv"
" hb56_cartoon_0904","小小计划表","4287","益智动画片","4-6岁"," hb56_cartoon_0904.flv"
" hb56_cartoon_0905","给妈妈的礼物","4288","益智动画片","4-6岁"," hb56_cartoon_0905.flv"
" hb56_cartoon_0906","我有一个储蓄罐","4289","益智动画片","4-6岁"," hb56_cartoon_0906.flv"
" hb56_cartoon_0907","鸟和虫字旁的汉字","4290","益智动画片","4-6岁"," hb56_cartoon_0907.flv"
" hb56_cartoon_1001","愚公移山","4291","益智动画片","4-6岁"," hb56_cartoon_1001.flv"
" hb56_cartoon_1002","城市探索","4292","益智动画片","4-6岁"," hb56_cartoon_1002.flv"
" hb56_cartoon_1003","我很厉害","4293","益智动画片","4-6岁"," hb56_cartoon_1003.flv"
" hb56_cartoon_1004","我会自己做","4294","益智动画片","4-6岁"," hb56_cartoon_1004.flv"
" hb56_cartoon_1005","摘果子","4295","益智动画片","4-6岁"," hb56_cartoon_1005.flv"
" hb56_cartoon_1006","环保小卫士","4296","益智动画片","4-6岁"," hb56_cartoon_1006.flv"
" hb56_cartoon_1007","草和竹偏旁","4297","益智动画片","4-6岁"," hb56_cartoon_1007.flv"
" hb56_cartoon_1101","“火”和“灬”偏旁","4298","益智动画片","4-6岁"," hb56_cartoon_1101.flv"
" hb56_cartoon_1102","一起去找恐龙石","4299","益智动画片","4-6岁"," hb56_cartoon_1102.flv"
" hb56_cartoon_1103","大座钟里的秘密","4300","益智动画片","4-6岁"," hb56_cartoon_1103.flv"
" hb56_cartoon_1104","守株待兔","4301","益智动画片","4-6岁"," hb56_cartoon_1104.flv"
" hb56_cartoon_1105","我会守规则","4302","益智动画片","4-6岁"," hb56_cartoon_1105.flv"
" hb56_cartoon_1106","我的学习好伙伴","4303","益智动画片","4-6岁"," hb56_cartoon_1106.flv"
" hb56_cartoon_1107","消失了的动物","4304","益智动画片","4-6岁"," hb56_cartoon_1107.flv"
" hb56_cartoon_1201","“扌”偏旁","4305","益智动画片","4-6岁"," hb56_cartoon_1201.flv"
" hb56_cartoon_1202","井底之蛙","4306","益智动画片","4-6岁"," hb56_cartoon_1202.flv"
" hb56_cartoon_1203","今天我是值日生","4307","益智动画片","4-6岁"," hb56_cartoon_1203.flv"
" hb56_cartoon_1204","太空之旅","4308","益智动画片","4-6岁"," hb56_cartoon_1204.flv"
" hb56_cartoon_1205","我爱爷爷奶奶","4309","益智动画片","4-6岁"," hb56_cartoon_1205.flv"
" hb56_cartoon_1206","新年聚会","4310","益智动画片","4-6岁"," hb56_cartoon_1206.flv"
" hb56_cartoon_1207","送小星星回家","4311","益智动画片","4-6岁"," hb56_cartoon_1207.flv"
" mz_cartoon_001","“京族三岛”的来历","4312","益智动画片","4-6岁"," mz_cartoon_001.flv"
" mz_cartoon_002","三兄弟放牧的故事","4313","益智动画片","4-6岁"," mz_cartoon_002.flv"
" mz_cartoon_003","三尾螺簪的故事","4314","益智动画片","4-6岁"," mz_cartoon_003.flv"
" mz_cartoon_004","三月三的传说","4315","益智动画片","4-6岁"," mz_cartoon_004.flv"
" mz_cartoon_005","三邻舍的故事","4316","益智动画片","4-6岁"," mz_cartoon_005.flv"
" hb34_play_08","太空旅行","4327","英语小剧场","4-6岁"," hb34_play_08.flv"
" hb34_play_07","饥饿的狼","4330","早教乐乐园","4-6岁"," hb34_play_07.flv"
" hb34_play_09","我的宠物朋友们","4332","早教乐乐园","4-6岁"," hb34_play_09.flv"
" hb34_play_10","农场晚会","4333","早教乐乐园","4-6岁"," hb34_play_10.flv"
" hb34_play_11","今晚，我们出去了","4334","早教乐乐园","4-6岁"," hb34_play_11.flv"
" hb34_play_12","我的彩色房间","4335","早教乐乐园","4-6岁"," hb34_play_12.flv"
" hb45_play_01","真有趣","4336","早教乐乐园","4-6岁"," hb45_play_01.flv"
" hb45_play_02","乱糟糟","4337","早教乐乐园","4-6岁"," hb45_play_02.flv"
" hb45_play_03","春天来了","4338","早教乐乐园","4-6岁"," hb45_play_03.flv"
" hb45_play_04","植物是怎样生长的","4339","早教乐乐园","4-6岁"," hb45_play_04.flv"
" hb45_play_05","妈妈的帽子","4340","早教乐乐园","4-6岁"," hb45_play_05.flv"
" hb45_play_06","父亲节","4341","早教乐乐园","4-6岁"," hb45_play_06.flv"
" hb45_play_07","我的暑假","4342","早教乐乐园","4-6岁"," hb45_play_07.flv"
" hb45_play_08","我们的奥运会","4343","早教乐乐园","4-6岁"," hb45_play_08.flv"
" hb45_play_09","我的身体","4344","早教乐乐园","4-6岁"," hb45_play_09.flv"
" hb45_play_10","我的感觉","4345","早教乐乐园","4-6岁"," hb45_play_10.flv"
" hb45_play_11","怪兽","4346","早教乐乐园","4-6岁"," hb45_play_11.flv"
" hb45_play_12","我们去玩吧","4347","早教乐乐园","4-6岁"," hb45_play_12.flv"
" hb56_play_01","雪人","4348","早教乐乐园","4-6岁"," hb56_play_01.flv"
" hb56_play_02","雪地里的痕迹","4349","早教乐乐园","4-6岁"," hb56_play_02.flv"
" hb56_play_03","我们是朋友","4350","早教乐乐园","4-6岁"," hb56_play_03.flv"
" hb56_play_04","你愿意做我的朋友吗","4351","早教乐乐园","4-6岁"," hb56_play_04.flv"
" hb56_play_05","我最好的朋友","4352","早教乐乐园","4-6岁"," hb56_play_05.flv"
" hb56_play_06","我的牙掉了","4353","早教乐乐园","4-6岁"," hb56_play_06.flv"
" hb56_play_07","神奇的魔力","4354","早教乐乐园","4-6岁"," hb56_play_07.flv"
" hb56_play_08","我准备好了","4355","早教乐乐园","4-6岁"," hb56_play_08.flv"
" hb56_play_09","秋天来了","4356","早教乐乐园","4-6岁"," hb56_play_09.flv"
" hb56_play_10","万圣节快乐","4357","早教乐乐园","4-6岁"," hb56_play_10.flv"
" hb56_play_11","秋天的叶子","4358","早教乐乐园","4-6岁"," hb56_play_11.flv"
" hb56_play_12","圣诞愿望","4359","早教乐乐园","4-6岁"," hb56_play_12.flv"
"jichu001","好的","5193","跟我学英语","4-6岁",
"jichu002","你好","5194","跟我学英语","4-6岁",
"jichu003","再见","5195","跟我学英语","4-6岁",
"jichu004","你好吗（1）","5196","跟我学英语","4-6岁",
"jichu005","你好吗（2）","5197","跟我学英语","4-6岁",
"jichu006","你好吗（3）","5198","跟我学英语","4-6岁",
"jichu007","你好，我是露西","5199","跟我学英语","4-6岁",
"jichu008","你叫什么名字（1）","5200","跟我学英语","4-6岁",
"jichu009","你叫什么名字（2）","5201","跟我学英语","4-6岁",
"jichu010","Role Play：打招呼和自我介绍Role Play：打招呼和自我介绍","5202","跟我学英语","4-6岁",
"jichu011","早上好","5203","跟我学英语","4-6岁",
"jichu012","下午好","5204","跟我学英语","4-6岁",
"jichu013","我是男(女)孩","5205","跟我学英语","4-6岁",
"jichu014","Role Play：男孩和女孩","5206","跟我学英语","4-6岁",
"jichu015","指一指桌子在哪儿","5207","跟我学英语","4-6岁",
"jichu016","指一指门在哪儿","5208","跟我学英语","4-6岁",
"jichu017","指一指窗户在哪儿","5209","跟我学英语","4-6岁",
"jichu018","这是什么颜色（1）","5210","跟我学英语","4-6岁",
"jichu019","这是什么颜色（2）","5211","跟我学英语","4-6岁",
"jichu020","这是什么，那是什么（1）","5212","跟我学英语","4-6岁",
"jichu021","这是什么，那是什么（2）","5213","跟我学英语","4-6岁",
"jichu022","这是什么，那是什么（3）","5214","跟我学英语","4-6岁",
"jichu023","这是什么，那是什么（4）","5215","跟我学英语","4-6岁",
"jichu024","Role Play：这是什么？","5216","跟我学英语","4-6岁",
"jichu025","这是一个橡皮","5217","跟我学英语","4-6岁",
"jichu026","这是一只猴子吗？","5218","跟我学英语","4-6岁",
"jichu027","这是精卫，她是女孩","5219","跟我学英语","4-6岁",
"jichu028","Smart先生是医生","5220","跟我学英语","4-6岁",
"jichu029","她是老师","5221","跟我学英语","4-6岁",
"jichu030","这是我的家人","5222","跟我学英语","4-6岁",
"jichu031","Jack是一名警察","5223","跟我学英语","4-6岁",
"jichu032","书包在哪儿？","5224","跟我学英语","4-6岁",
"jichu033","铅笔在哪儿？","5225","跟我学英语","4-6岁",
"jichu034","猫咪在哪儿？","5226","跟我学英语","4-6岁",
"jichu035","Role Play：铅笔在哪里？","5227","跟我学英语","4-6岁",
"jichu036","猫咪在床下吗？","5228","跟我学英语","4-6岁",
"jichu037","铅笔在书下吗？","5229","跟我学英语","4-6岁",
"jichu038","书在椅子上","5230","跟我学英语","4-6岁",
"jichu039","猴子在树下","5231","跟我学英语","4-6岁",
"jichu040","用手指向你的眼睛","5232","跟我学英语","4-6岁",
"jichu041","这是我的脸","5233","跟我学英语","4-6岁",
"jichu042","这是她的眼睛","5234","跟我学英语","4-6岁",
"jichu043","Role Play：摸摸你的脸","5235","跟我学英语","4-6岁",
"jichu044","Role Play：指指它的腿","5236","跟我学英语","4-6岁",
"jichu045","它们是什么动物（1）","5237","跟我学英语","4-6岁",
"jichu046","它们是什么动物（2）","5238","跟我学英语","4-6岁",
"jichu047","它的耳朵大","5239","跟我学英语","4-6岁",
"jichu048","它们是瘦瘦的猴子","5240","跟我学英语","4-6岁",
"jichu049","它们是高高的长颈鹿","5241","跟我学英语","4-6岁",
"jichu050","它们是长长的蛇","5242","跟我学英语","4-6岁",
"jichu051","你看，猴子可爱吗？","5243","跟我学英语","4-6岁",
"jichu052","你看,老虎胖吗？","5244","跟我学英语","4-6岁",
"jichu053","Role Play：猜动物","5245","跟我学英语","4-6岁",
"jichu054","它们是可爱的小狗","5246","跟我学英语","4-6岁",
"jichu055","树上有一只猫","5247","跟我学英语","4-6岁",
"jichu056","盒子里有一只球","5248","跟我学英语","4-6岁",
"jichu057","树上有两只猴子","5249","跟我学英语","4-6岁",
"jichu058","图中有一个男孩","5250","跟我学英语","4-6岁",
"jichu059","图中有三只老虎","5251","跟我学英语","4-6岁",
"jichu060","图中有五匹白马","5252","跟我学英语","4-6岁",
"jichu061","那边有一双鞋","5253","跟我学英语","4-6岁",
"jichu062","他有一条绿色的短裤","5254","跟我学英语","4-6岁",
"jichu063","椅子上有一只白猫","5255","跟我学英语","4-6岁",
"jichu064","盒子里有三只铅笔","5256","跟我学英语","4-6岁",
"jichu065","戴上帽子","5257","跟我学英语","4-6岁",
"jichu066","喜欢的动物","5258","跟我学英语","4-6岁",
"jichu067","喜欢的颜色","5259","跟我学英语","4-6岁",
"jichu068","喜欢的运动","5260","跟我学英语","4-6岁",
"jichu069","我喜欢足球","5261","跟我学英语","4-6岁",
"jichu070","最喜欢的运动（1）","5262","跟我学英语","4-6岁",
"jichu071","最喜欢的运动（2）","5263","跟我学英语","4-6岁",
"jichu072","我喜欢的运动","5264","跟我学英语","4-6岁",
"jichu073","你最喜欢什么动物？","5265","跟我学英语","4-6岁",
"jichu074","我们踢足球吧","5266","跟我学英语","4-6岁",
"jichu075","我们去游泳吧","5267","跟我学英语","4-6岁",
"jichu076","我们去唱歌吧","5268","跟我学英语","4-6岁",
"jichu077","我们画老虎吧","5269","跟我学英语","4-6岁",
"jichu078","我们去打乒乓球吧","5270","跟我学英语","4-6岁",
"jichu079","我们去打篮球吧","5271","跟我学英语","4-6岁",
"jichu080","我们跳舞吧","5272","跟我学英语","4-6岁",
"jichu081","我们唱歌吧","5273","跟我学英语","4-6岁",
"jichu082","我们去动物园吧","5274","跟我学英语","4-6岁",
"jichu083","我最喜欢熊猫","5275","跟我学英语","4-6岁",
"caihong001","我有一只宠物","5276","彩虹英语","7-9岁",
"caihong002","你有一只猫吗？","5277","彩虹英语","7-9岁",
"caihong003","复习：我的宠物","5278","彩虹英语","7-9岁",
"caihong004","你要上什么课？","5279","彩虹英语","7-9岁",
"caihong005","我们早上有美术课","5280","彩虹英语","7-9岁",
"caihong006","复习：我的课程","5281","彩虹英语","7-9岁",
"caihong007","今天天气怎么样（1）","5282","彩虹英语","7-9岁",
"caihong008","今天天气怎么样（2）","5283","彩虹英语","7-9岁",
"caihong009","复习：天气表达","5284","彩虹英语","7-9岁",
"caihong010","她在看书","5285","彩虹英语","7-9岁",
"caihong011","我们在做家庭作业","5286","彩虹英语","7-9岁",
"caihong012","复习：现在进行时陈述句","5287","彩虹英语","7-9岁",
"caihong013","你准备好去野营了吗？","5288","彩虹英语","7-9岁",
"caihong014","Chris在游泳吗？","5289","彩虹英语","7-9岁",
"caihong015","复习：现在进行时一般疑问句","5290","彩虹英语","7-9岁",
"caihong016","我在打乒乓球","5291","彩虹英语","7-9岁",
"caihong017","他们在做什么？","5292","彩虹英语","7-9岁",
"caihong018","复习：现在进行时特殊疑问句","5293","彩虹英语","7-9岁",
"caihong019","你周末做什么？","5294","彩虹英语","7-9岁",
"caihong020","我周末去爬山","5295","彩虹英语","7-9岁",
"caihong021","复习：一般现在时与现在进行时","5296","彩虹英语","7-9岁",
"caihong022","欢迎来到圣诞老人的玩具工厂","5297","彩虹英语","7-9岁",
"caihong023","圣诞前夜","5298","彩虹英语","7-9岁",
"caihong024","复习：谈论圣诞节","5299","彩虹英语","7-9岁",
"caihong025","晚餐时间","5300","彩虹英语","7-9岁",
"caihong026","晚餐吃什么？","5301","彩虹英语","7-9岁",
"caihong027","复习：谈论晚餐","5302","彩虹英语","7-9岁",
"caihong028","月球之旅（1）","5303","彩虹英语","7-9岁",
"caihong029","月球之旅（2）","5304","彩虹英语","7-9岁",
"caihong030","复习：感叹句","5305","彩虹英语","7-9岁",
"caihong031","世界派对之风土人情","5306","彩虹英语","7-9岁",
"caihong032","世界派对之绝味美食","5307","彩虹英语","7-9岁",
"caihong033","复习：环球之旅","5308","彩虹英语","7-9岁",
"caihong034","不同国家的天气（1）","5309","彩虹英语","7-9岁",
"caihong035","不同国家的天气（2）","5310","彩虹英语","7-9岁",
"caihong036","复习：谈论天气","5311","彩虹英语","7-9岁",
"caihong037","心情如何（1）","5312","彩虹英语","7-9岁",
"caihong038","心情如何（2）","5313","彩虹英语","7-9岁",
"caihong039","复习：描述心情","5314","彩虹英语","7-9岁",
"caihong040","你的爱好是什么（1）","5315","彩虹英语","7-9岁",
"caihong041","你的爱好是什么（2）","5316","彩虹英语","7-9岁",
"caihong042","复习:表达兴趣爱好","5317","彩虹英语","7-9岁",
"caihong043","我喜欢看电影","5318","彩虹英语","7-9岁",
"caihong044","我们去看马戏团表演","5319","彩虹英语","7-9岁",
"caihong045","复习：表达喜恶","5320","彩虹英语","7-9岁",
"caihong046","校园展卖（1）","5321","彩虹英语","7-9岁",
"caihong047","校园展卖（2）","5322","彩虹英语","7-9岁",
"caihong048","复习：展卖会相关表达","5323","彩虹英语","7-9岁",
"caihong049","课堂约法三章","5324","彩虹英语","7-9岁",
"caihong050","博物馆参观规范","5325","彩虹英语","7-9岁",
"caihong051","复习：如何表达“应该”与“不应该”","5326","彩虹英语","7-9岁",
"caihong052","你的职业是什么（1）","5327","彩虹英语","7-9岁",
"caihong053","你的职业是什么（2）","5328","彩虹英语","7-9岁",
"caihong054","复习：询问职业","5329","彩虹英语","7-9岁",
"caihong055","你想要看什么电影（1）","5330","彩虹英语","7-9岁",
"caihong056","你想要看什么电影（2）","5331","彩虹英语","7-9岁",
"caihong057","复习：如何表达“想要”","5332","彩虹英语","7-9岁",
"caihong058","你能帮我吗(1)","5333","彩虹英语","7-9岁",
"caihong059","你能帮我吗(2)","5334","彩虹英语","7-9岁",
"caihong060","复习：寻求帮助","5335","彩虹英语","7-9岁",
"caihong061","到银行怎么走？","5336","彩虹英语","7-9岁",
"caihong062","到速8旅馆怎么走？","5337","彩虹英语","7-9岁",
"caihong063","复习：问路与指路","5338","彩虹英语","7-9岁",
"caihong064","课堂游戏：捉迷藏","5339","彩虹英语","7-9岁",
"caihong065","皮特猪在哪里？","5340","彩虹英语","7-9岁",
"caihong066","复习：如何描述位置","5341","彩虹英语","7-9岁",
"caihong067","总复习：谈论宠物、课程与天气","5342","彩虹英语","7-9岁",
"caihong068","总复习：现在进行时 ","5343","彩虹英语","7-9岁",
"caihong069","总复习：一般现在时与现在进行时","5344","彩虹英语","7-9岁",
"caihong070","总复习：表达“想要”及询问职业","5345","彩虹英语","7-9岁",
"caihong071","总复习：询问价格、请求帮助与问路指路","5346","彩虹英语","7-9岁",
"caihong072","总复习：谈论爱好、描述位置与讲明规矩","5347","彩虹英语","7-9岁",
"caihong073","欢迎来到我家","5348","彩虹英语","7-9岁",
"caihong074","我的书在哪里？","5349","彩虹英语","7-9岁",
"caihong075","复习：there be 句式","5350","彩虹英语","7-9岁",
"caihong076","欢迎来到自然公园（1）","5351","彩虹英语","7-9岁",
"caihong077","欢迎来到自然公园（2）","5352","彩虹英语","7-9岁",
"caihong078","复习：主系表结构","5353","彩虹英语","7-9岁",
"caihong079","我的朋友们（1）","5354","彩虹英语","7-9岁",
"caihong080","我的朋友们（2）","5355","彩虹英语","7-9岁",
"caihong081","复习：描述人物外貌与性格","5356","彩虹英语","7-9岁",
"caihong082","我的笔友（1）","5357","彩虹英语","7-9岁",
"caihong083","我的笔友（2） ","5358","彩虹英语","7-9岁",
"caihong084","复习：描述个人情况与个性特点","5359","彩虹英语","7-9岁",
"caihong085","来坐我的时光机（1）","5360","彩虹英语","7-9岁",
"caihong086","来坐我的时光机（2）","5361","彩虹英语","7-9岁",
"caihong087","复习：时间表达法","5362","彩虹英语","7-9岁",
"caihong088","寻宝之旅（1）","5363","彩虹英语","7-9岁",
"caihong089","寻宝之旅（2）","5364","彩虹英语","7-9岁",
"caihong090","复习：情态动词can表示请求","5365","彩虹英语","7-9岁",
"caihong091","购物（1）","5366","彩虹英语","7-9岁",
"caihong092","购物（2） ","5367","彩虹英语","7-9岁",
"caihong093","复习：购物相关表达","5368","彩虹英语","7-9岁",
"caihong094","节日（1）","5369","彩虹英语","7-9岁",
"caihong095","节日（2）","5370","彩虹英语","7-9岁",
"caihong096","复习：打招呼","5371","彩虹英语","7-9岁",
"caihong097","你放学后做什么（1）","5372","彩虹英语","7-9岁",
"caihong098","你放学后做什么（2） ","5373","彩虹英语","7-9岁",
"caihong099","复习：一般将来时的陈述句","5374","彩虹英语","7-9岁",
"caihong100","谈谈你的暑假计划","5375","彩虹英语","7-9岁",
"caihong101","Chris 的生日礼物","5376","彩虹英语","7-9岁",
"caihong102","复习：一般将来时用法及一般疑问句形式","5377","彩虹英语","7-9岁",
"caihong103","你能帮我照看妹妹吗（1）","5378","彩虹英语","7-9岁",
"caihong104","你能帮我照看妹妹吗（2）","5379","彩虹英语","7-9岁",
"caihong105","复习：will用于一般将来时","5380","彩虹英语","7-9岁",
"caihong106","参观农场（1）","5381","彩虹英语","7-9岁",
"caihong107","参观农场（2）","5382","彩虹英语","7-9岁",
"caihong108","复习：一般将来时陈述句与疑问句","5383","彩虹英语","7-9岁",
"caihong109","公园游玩（1）","5384","彩虹英语","10-12岁",
"caihong110","公园游玩（2）","5385","彩虹英语","10-12岁",
"caihong111","复习：现在进行时与there be 句式","5386","彩虹英语","10-12岁",
"caihong112","帮奶奶做蛋糕","5387","彩虹英语","10-12岁",
"caihong113","听爷爷讲故事","5388","彩虹英语","10-12岁",
"caihong114","复习：动词过去式","5389","彩虹英语","10-12岁",
"caihong115","艺术博物馆（1）","5390","彩虹英语","10-12岁",
"caihong116","艺术博物馆（2）","5391","彩虹英语","10-12岁",
"caihong117","复习：一般过去时","5392","彩虹英语","10-12岁",
"caihong118","明天要过周末了","5393","彩虹英语","10-12岁",
"caihong119","明天你想去游泳吗？","5394","彩虹英语","10-12岁",
"caihong120","复习：一般将来时","5395","彩虹英语","10-12岁",
"caihong121","参观动物园（1）","5396","彩虹英语","10-12岁",
"caihong122","参观动物园（2）","5397","彩虹英语","10-12岁",
"caihong123","复习：描述过去的事情","5398","彩虹英语","10-12岁",
"caihong124","夏威夷之旅（1）","5399","彩虹英语","10-12岁",
"caihong125","夏威夷之旅（2）","5400","彩虹英语","10-12岁",
"caihong126","复习：一般疑问句与特殊疑问句的过去时态","5401","彩虹英语","10-12岁",
"caihong127","超级英雄（1）","5402","彩虹英语","10-12岁",
"caihong128","超级英雄（2）","5403","彩虹英语","10-12岁",
"caihong129","复习：动词过去式","5404","彩虹英语","10-12岁",
"caihong130","三只小猪（1）","5405","彩虹英语","10-12岁",
"caihong131","三只小猪（2）","5406","彩虹英语","10-12岁",
"caihong132","复习：动词过去式变位规则","5407","彩虹英语","10-12岁",
"caihong133","谈论新闻","5408","彩虹英语","10-12岁",
"caihong134","播报新闻","5409","彩虹英语","10-12岁",
"caihong135","复习：讲述过去发生的事件","5410","彩虹英语","10-12岁",
"caihong136","Matthew摔伤了","5411","彩虹英语","10-12岁",
"caihong137","William打碎了花瓶","5412","彩虹英语","10-12岁",
"caihong138","复习：讲述发生的意外事件","5413","彩虹英语","10-12岁",
"caihong139","孩子们生病了（1）","5414","彩虹英语","10-12岁",
"caihong140","孩子们生病了（2）","5415","彩虹英语","10-12岁",
"caihong141","复习：描述身体不适","5416","彩虹英语","10-12岁",
"caihong142","运动会（1）","5417","彩虹英语","10-12岁",
"caihong143","运动会（2）","5418","彩虹英语","10-12岁",
"caihong144","复习：运动会情况","5419","彩虹英语","10-12岁",
"caihong145","孩子们在花园里（1）","5420","彩虹英语","10-12岁",
"caihong146","孩子们在花园里（2）","5421","彩虹英语","10-12岁",
"caihong147","复习：讲述孩子们在花园里的劳动","5422","彩虹英语","10-12岁",
"caihong148","仙女的新年礼物（1）","5423","彩虹英语","10-12岁",
"caihong149","仙女的新年礼物（2）","5424","彩虹英语","10-12岁",
"caihong150","复习：讲述孩子们的新年演出","5425","彩虹英语","10-12岁",
"caihong151","我看到猫王了（1）","5426","彩虹英语","10-12岁",
"caihong152","我看到猫王了（2）","5427","彩虹英语","10-12岁",
"caihong153","复习：讲述猫王的故事","5428","彩虹英语","10-12岁",
"caihong154","发明家（1）","5429","彩虹英语","10-12岁",
"caihong155","发明家（2）","5430","彩虹英语","10-12岁",
"caihong156","复习：讲述孩子们与发明家的奇遇","5431","彩虹英语","10-12岁",
"caihong157","我收到一封邮件","5432","彩虹英语","10-12岁",
"caihong158","和我的朋友网聊 ","5433","彩虹英语","10-12岁",
"caihong159","复习：直接引语与间接引语","5434","彩虹英语","10-12岁",
"caihong160","校园音乐会（1）","5435","彩虹英语","10-12岁",
"caihong161","校园音乐会（2）","5436","彩虹英语","10-12岁",
"caihong162","复习：间接引语过去式","5437","彩虹英语","10-12岁",
"caihong163","学做杯形蛋糕（1）","5438","彩虹英语","10-12岁",
"caihong164","学做杯形蛋糕（2）","5439","彩虹英语","10-12岁",
"caihong165","复习：祈使句","5440","彩虹英语","10-12岁",
"caihong166","我们的新家（1）","5441","彩虹英语","10-12岁",
"caihong167","我们的新家（2）","5442","彩虹英语","10-12岁",
"caihong168","复习：物主代词","5443","彩虹英语","10-12岁",
"caihong169","睡前的童话故事","5444","彩虹英语","10-12岁",
"caihong170","我做了一个梦","5445","彩虹英语","10-12岁",
"caihong171","复习：讲述童话故事","5446","彩虹英语","10-12岁",
"caihong172","令人惊喜的生日派对（1）","5447","彩虹英语","10-12岁",
"caihong173","令人惊喜的生日派对（2） ","5448","彩虹英语","10-12岁",
"caihong174","复习：月份与日期表达","5449","彩虹英语","10-12岁",
"caihong175","总复习：there be 句式与一般过去时","5450","彩虹英语","10-12岁",
"caihong176","总复习：一般过去时、一般现在时与一般将来时（1）","5451","彩虹英语","10-12岁",
"caihong177","总复习：一般过去时、一般现在时与一般将来时（2）","5452","彩虹英语","10-12岁",
"caihong178","总复习：一般过去时与间接引语","5453","彩虹英语","10-12岁",
"caihong179","总复习：祈使句、物主代词与序数词","5454","彩虹英语","10-12岁",
"caihong180","总复习：一般过去时、一般现在时与序数词","5455","彩虹英语","10-12岁",
"caihong181","体育课上（1）","5456","彩虹英语","10-12岁",
"caihong182","体育课上（2）","5457","彩虹英语","10-12岁",
"caihong183","复习：单音节形容词比较级与最高级","5458","彩虹英语","10-12岁",
"caihong184","野生动物园之旅(1)","5459","彩虹英语","10-12岁",
"caihong185","野生动物园之旅(2)","5460","彩虹英语","10-12岁",
"caihong186","复习：单音节形容词比较级与最高级用法","5461","彩虹英语","10-12岁",
"caihong187","世界纪录（1）","5462","彩虹英语","10-12岁",
"caihong188","世界纪录（2）","5463","彩虹英语","10-12岁",
"caihong189","复习：单音节形容词最高级","5464","彩虹英语","10-12岁",
"caihong190","农贸市场（1）","5465","彩虹英语","10-12岁",
"caihong191","农贸市场（2）","5466","彩虹英语","10-12岁",
"caihong192","复习：形容词比较级与最高级变化规则","5467","彩虹英语","10-12岁",
"caihong193","闻名于世的地标（1）","5468","彩虹英语","10-12岁",
"caihong194","闻名于世的地标（2）","5469","彩虹英语","10-12岁",
"caihong195","复习：讲述环球之旅","5470","彩虹英语","10-12岁",
"caihong196","欢迎来到总统之家（1）","5471","彩虹英语","10-12岁",
"caihong197","欢迎来到总统之家（2）","5472","彩虹英语","10-12岁",
"caihong198","复习：讲述白宫之旅","5473","彩虹英语","10-12岁",
"caihong199","罗宾汉的故事（1）","5474","彩虹英语","10-12岁",
"caihong200","罗宾汉的故事（2）","5475","彩虹英语","10-12岁",
"caihong201","复习：讲述罗宾汉的故事","5476","彩虹英语","10-12岁",
"caihong202","我最喜欢的书（1）","5477","彩虹英语","10-12岁",
"caihong203","我最喜欢的书（2）","5478","彩虹英语","10-12岁",
"caihong204","复习：孩子们喜欢的书","5479","彩虹英语","10-12岁",
