"title","nid","category","age","vid"
"穿鞋真舒服","3807","欢乐音乐屋","1-3岁"," hb12_music_01"
"过年啦","3808","欢乐音乐屋","1-3岁"," hb12_music_02"
"小小萤火虫","3809","欢乐音乐屋","1-3岁"," hb12_music_03"
"照镜子","3810","欢乐音乐屋","1-3岁"," hb12_music_04"
"吃饭前要洗手","3811","欢乐音乐屋","1-3岁"," hb12_music_05"
"布娃娃想回家","3812","欢乐音乐屋","1-3岁"," hb12_music_06"
"洗澡歌","3813","欢乐音乐屋","1-3岁"," hb12_music_07"
"你好","3814","欢乐音乐屋","1-3岁"," hb12_music_08"
"吃饭时用勺子","3815","欢乐音乐屋","1-3岁"," hb12_music_09"
"快快飞过来","3816","欢乐音乐屋","1-3岁"," hb12_music_10"
"小树叶","3817","欢乐音乐屋","1-3岁"," hb12_music_11"
"小鸭","3818","欢乐音乐屋","1-3岁"," hb12_music_12"
"七步舞","3819","欢乐音乐屋","1-3岁"," hb12_music_park_01"
"断奏与连奏","3820","欢乐音乐屋","1-3岁"," hb12_music_park_02"
"手指游戏","3821","欢乐音乐屋","1-3岁"," hb12_music_park_03"
"触摸宝贝","3822","欢乐音乐屋","1-3岁"," hb12_music_park_04"
"小马","3823","欢乐音乐屋","1-3岁"," hb12_music_park_05"
"音乐的高与低","3824","欢乐音乐屋","1-3岁"," hb12_music_park_06"
"背上的游戏","3825","欢乐音乐屋","1-3岁"," hb12_music_park_07"
"小猴子","3826","欢乐音乐屋","1-3岁"," hb12_music_park_08"
"你好","3827","欢乐音乐屋","1-3岁"," hb12_music_park_09"
"三拍舞","3828","欢乐音乐屋","1-3岁"," hb12_music_park_10"
"荡秋千","3829","欢乐音乐屋","1-3岁"," hb12_music_park_11"
"小毛驴","3830","欢乐音乐屋","1-3岁"," hb12_music_park_12"
"小白兔","3831","欢乐音乐屋","1-3岁"," hb23_music_01"
"年戏","3832","欢乐音乐屋","1-3岁"," hb23_music_02"
"春天来啦","3833","欢乐音乐屋","1-3岁"," hb23_music_03"
"找春天","3834","欢乐音乐屋","1-3岁"," hb23_music_04"
"出来走走路","3835","欢乐音乐屋","1-3岁"," hb23_music_05"
"扭扭舞","3836","欢乐音乐屋","1-3岁"," hb23_music_06"
"彩球操","3837","欢乐音乐屋","1-3岁"," hb23_music_07"
"一起转个圈","3838","欢乐音乐屋","1-3岁"," hb23_music_08"
"小刺猬运苹果","3839","欢乐音乐屋","1-3岁"," hb23_music_09"
"做早操","3840","欢乐音乐屋","1-3岁"," hb23_music_10"
"小鸭子","3841","欢乐音乐屋","1-3岁"," hb23_music_11"
"秧歌舞","3842","欢乐音乐屋","1-3岁"," hb23_music_12"
"海洋球（二）","3843","欢乐音乐屋","1-3岁"," hb23_music_park_01"
"小兔子与小蛇","3844","欢乐音乐屋","1-3岁"," hb23_music_park_02"
"小兔子拔萝卜","3845","欢乐音乐屋","1-3岁"," hb23_music_park_03"
"小乌龟","3846","欢乐音乐屋","1-3岁"," hb23_music_park_04"
"身体部位","3847","欢乐音乐屋","1-3岁"," hb23_music_park_05"
"小矮人","3848","欢乐音乐屋","1-3岁"," hb23_music_park_06"
"变变变","3849","欢乐音乐屋","1-3岁"," hb23_music_park_07"
"小蜘蛛","3850","欢乐音乐屋","1-3岁"," hb23_music_park_08"
"大象与小跳蚤","3851","欢乐音乐屋","1-3岁"," hb23_music_park_09"
"青蛙","3852","欢乐音乐屋","1-3岁"," hb23_music_park_10"
"爬爬跳跳","3853","欢乐音乐屋","1-3岁"," hb23_music_park_11"
"海洋球（一）","3854","欢乐音乐屋","1-3岁"," hb23_music_park_12"
"小鸡和小鸭","3855","欢乐音乐屋","1-3岁"," hb34_music_01"
"机器人之舞","3856","欢乐音乐屋","1-3岁"," hb34_music_02"
"煮饺子","3857","欢乐音乐屋","1-3岁"," hb34_music_03"
"神奇小厨师","3858","欢乐音乐屋","1-3岁"," hb34_music_04"
"小小劳动者","3859","欢乐音乐屋","1-3岁"," hb34_music_05"
"小雨滴","3860","欢乐音乐屋","1-3岁"," hb34_music_0601"
"小鸭子","3861","欢乐音乐屋","1-3岁"," hb34_music_0602"
"传递游戏（二）","3862","欢乐音乐屋","1-3岁"," hb34_music_park_01"
"猫和老鼠","3863","欢乐音乐屋","1-3岁"," hb34_music_park_02"
"五指谣","3864","欢乐音乐屋","1-3岁"," hb34_music_park_03"
"小金鱼","3865","欢乐音乐屋","1-3岁"," hb34_music_park_04"
"小袋鼠","3866","欢乐音乐屋","1-3岁"," hb34_music_park_05"
"包饺子","3867","亲子游乐园","1-3岁"," hb12_park_01"
"恭喜恭喜","3868","亲子游乐园","1-3岁"," hb12_park_02"
"十只小狗","3869","亲子游乐园","1-3岁"," hb12_park_03"
"拍拍手","3870","亲子游乐园","1-3岁"," hb12_park_04"
"我们都是好朋友","3871","亲子游乐园","1-3岁"," hb12_park_05"
"踩水花","3872","亲子游乐园","1-3岁"," hb12_park_06"
"打电话","3873","亲子游乐园","1-3岁"," hb12_park_07"
"拔爸爸","3874","亲子游乐园","1-3岁"," hb12_park_08"
"握握拳张张手","3875","亲子游乐园","1-3岁"," hb12_park_09"
"蔬菜水果变戏法","3876","亲子游乐园","1-3岁"," hb12_park_10"
"大大的，小小的","3877","亲子游乐园","1-3岁"," hb12_park_11"
"—雪花","3878","亲子游乐园","1-3岁"," hb12_park_12"
"小手会画画","3879","亲子游乐园","1-3岁"," hb23_park_05"
"会站立的画","3880","亲子游乐园","1-3岁"," hb23_park_06"
"小泡泡大秘密","3881","亲子游乐园","1-3岁"," hb23_park_07"
"踩影子","3882","亲子游乐园","1-3岁"," hb23_park_10"
"冻冰花","3883","亲子游乐园","1-3岁"," hb23_park_12"
"不怕看医生","3884","益智动画片","1-3岁"," hb12_cartoon_0101"
"北极熊","3885","益智动画片","1-3岁"," hb12_cartoon_0102"
"爸爸回来了","3886","益智动画片","1-3岁"," hb12_cartoon_0103"
"包子和饺子","3887","益智动画片","1-3岁"," hb12_cartoon_0104"
"吃饭喽","3888","益智动画片","1-3岁"," hb12_cartoon_0105"
"布奇是谁","3889","益智动画片","1-3岁"," hb12_cartoon_0201"
"三只小猫","3890","益智动画片","1-3岁"," hb12_cartoon_0202"
"我生气了","3891","益智动画片","1-3岁"," hb12_cartoon_0203"
"绵羊","3892","益智动画片","1-3岁"," hb12_cartoon_0204"
"鸟","3893","益智动画片","1-3岁"," hb12_cartoon_0301"
"对不起","3894","益智动画片","1-3岁"," hb12_cartoon_0302"
"快来数一数","3895","益智动画片","1-3岁"," hb12_cartoon_0303"
"我喜欢你","3896","益智动画片","1-3岁"," hb12_cartoon_0304"
"123","3897","益智动画片","1-3岁"," hb12_cartoon_0305"
"蝴蝶","3898","益智动画片","1-3岁"," hb12_cartoon_0401"
"奇妙的书","3899","益智动画片","1-3岁"," hb12_cartoon_0402"
"小小五官本领大","3900","益智动画片","1-3岁"," hb12_cartoon_0403"
"猜猜这是谁","3901","益智动画片","1-3岁"," hb12_cartoon_0404"
"小鱼游啊游","3902","益智动画片","1-3岁"," hb12_cartoon_0501"
"妈妈，我爱你","3903","益智动画片","1-3岁"," hb12_cartoon_0502"
"我要穿这一件","3904","益智动画片","1-3岁"," hb12_cartoon_0503"
"松鼠","3905","益智动画片","1-3岁"," hb12_cartoon_0504"
"游来游去的鱼","3906","益智动画片","1-3岁"," hb12_cartoon_0505"
"车轮转转转","3907","益智动画片","1-3岁"," hb12_cartoon_0601"
"马","3908","益智动画片","1-3岁"," hb12_cartoon_0602"
"我会说“谢谢”","3909","益智动画片","1-3岁"," hb12_cartoon_0603"
"布奇的新朋友","3910","益智动画片","1-3岁"," hb12_cartoon_0604"
"各种各样的车","3911","益智动画片","1-3岁"," hb12_cartoon_0605"
"形状找朋友","3912","益智动画片","1-3岁"," hb12_cartoon_0701"
"猴子","3913","益智动画片","1-3岁"," hb12_cartoon_0702"
"布奇的波波熊","3914","益智动画片","1-3岁"," hb12_cartoon_0703"
"阿迪逛超市","3915","益智动画片","1-3岁"," hb12_cartoon_0704"
"奇妙的形状","3916","益智动画片","1-3岁"," hb12_cartoon_0705"
"好吃的西瓜和葡萄","3917","益智动画片","1-3岁"," hb12_cartoon_0801"
"我们来洗澡","3918","益智动画片","1-3岁"," hb12_cartoon_0802"
"大象","3919","益智动画片","1-3岁"," hb12_cartoon_0803"
"你怎么哭了？","3920","益智动画片","1-3岁"," hb12_cartoon_0804"
"紫葡萄","3921","益智动画片","1-3岁"," hb12_cartoon_0805"
"三只小狗","3922","益智动画片","1-3岁"," hb12_cartoon_0901"
"和奶奶在一起","3923","益智动画片","1-3岁"," hb12_cartoon_0902"
"好大的勺子","3924","益智动画片","1-3岁"," hb12_cartoon_0903"
"狗","3925","益智动画片","1-3岁"," hb12_cartoon_0904"
"红黄蓝","3926","益智动画片","1-3岁"," hb12_cartoon_1001"
"这是什么东西","3927","益智动画片","1-3岁"," hb12_cartoon_1002"
"颜色变变变","3928","益智动画片","1-3岁"," hb12_cartoon_1003"
"高兴与难过","3929","益智动画片","1-3岁"," hb12_cartoon_1004"
"鸵鸟啊","3930","益智动画片","1-3岁"," hb12_cartoon_1005"
"亲亲小牙刷","3931","益智动画片","1-3岁"," hb12_cartoon_1101"
"大和小","3932","益智动画片","1-3岁"," hb12_cartoon_1102"
"这是你的鞋子吗","3933","益智动画片","1-3岁"," hb12_cartoon_1103"
"长颈鹿","3934","益智动画片","1-3岁"," hb12_cartoon_1104"
"企鹅","3935","益智动画片","1-3岁"," hb12_cartoon_1201"
"再见","3936","益智动画片","1-3岁"," hb12_cartoon_1202"
"小鸭子嘎嘎嘎","3937","益智动画片","1-3岁"," hb12_cartoon_1203"
"晚安宝贝","3938","益智动画片","1-3岁"," hb12_cartoon_1204"
"睡觉啦","3939","益智动画片","1-3岁"," hb12_cartoon_1205"
"一起玩更有趣","3940","益智动画片","1-3岁"," hb23_cartoon_0101"
"交通工具大集合","3941","益智动画片","1-3岁"," hb23_cartoon_0102"
"动物模仿秀","3942","益智动画片","1-3岁"," hb23_cartoon_0103"
"我做妈妈你做爸爸","3943","益智动画片","1-3岁"," hb23_cartoon_0104"
"火车快跑","3944","益智动画片","1-3岁"," hb23_cartoon_0105"
"好朋友抱抱","3945","益智动画片","1-3岁"," hb23_cartoon_0201"
"我的书","3946","益智动画片","1-3岁"," hb23_cartoon_0202"
"比一比谁更长","3947","益智动画片","1-3岁"," hb23_cartoon_0203"
"过年真热闹","3948","益智动画片","1-3岁"," hb23_cartoon_0204"
"这个顺序可不能错","3949","益智动画片","1-3岁"," hb23_cartoon_0205"
"长长的短短的","3950","益智动画片","1-3岁"," hb23_cartoon_0206"
"宝宝会长大","3951","益智动画片","1-3岁"," hb23_cartoon_0301"
"小蝌蚪找妈妈","3952","益智动画片","1-3岁"," hb23_cartoon_0302"
"我给妈妈讲故事","3953","益智动画片","1-3岁"," hb23_cartoon_0303"
"爸爸妈妈和我","3954","益智动画片","1-3岁"," hb23_cartoon_0304"
"爸爸时间到了","3955","益智动画片","1-3岁"," hb23_cartoon_0305"
"这是谁的宝宝","3956","益智动画片","1-3岁"," hb23_cartoon_0306"
"大家一起玩","3957","益智动画片","1-3岁"," hb23_cartoon_0401"
"小蜜蜂找朋友","3958","益智动画片","1-3岁"," hb23_cartoon_0402"
"回家先洗手","3959","益智动画片","1-3岁"," hb23_cartoon_0403"
"春天来了","3960","益智动画片","1-3岁"," hb23_cartoon_0404"
"月亮乖乖快睡觉","3961","益智动画片","1-3岁"," hb23_cartoon_0405"
"会说话的身体","3962","益智动画片","1-3岁"," hb23_cartoon_0501"
"害羞的小米","3963","益智动画片","1-3岁"," hb23_cartoon_0502"
"莫莫爱刷牙","3964","益智动画片","1-3岁"," hb23_cartoon_0503"
"逛书店","3965","益智动画片","1-3岁"," hb23_cartoon_0504"
"这是谁的尾巴","3966","益智动画片","1-3岁"," hb23_cartoon_0505"
"身体真神奇","3967","益智动画片","1-3岁"," hb23_cartoon_0506"
"等一会儿就好","3968","益智动画片","1-3岁"," hb23_cartoon_0601"
"不，我不要","3969","益智动画片","1-3岁"," hb23_cartoon_0602"
"走丢了怎么办","3970","益智动画片","1-3岁"," hb23_cartoon_0603"
"生活中的形状","3971","益智动画片","1-3岁"," hb23_cartoon_0604"
"形状城堡","3972","益智动画片","1-3岁"," hb23_cartoon_0605"
"聪明的小老鼠","3973","益智动画片","1-3岁"," hb23_cartoon_0606"
"我喜欢自己","3974","益智动画片","1-3岁"," hb23_cartoon_0701"
"好想好想吃了它","3975","益智动画片","1-3岁"," hb23_cartoon_0702"
"我们身边的1、2、3","3976","益智动画片","1-3岁"," hb23_cartoon_0703"
"从1数到10","3977","益智动画片","1-3岁"," hb23_cartoon_0704"
"小狸猫办party","3978","益智动画片","1-3岁"," hb23_cartoon_0705"
"一个接一个","3979","益智动画片","1-3岁"," hb23_cartoon_0801"
"明天我还要去幼儿园","3980","益智动画片","1-3岁"," hb23_cartoon_0802"
"红灯停，绿灯行","3981","益智动画片","1-3岁"," hb23_cartoon_0803"
"雨中漫步","3982","益智动画片","1-3岁"," hb23_cartoon_0804"
"你好，幼儿园","3983","益智动画片","1-3岁"," hb23_cartoon_0805"
"猜谜语","3984","益智动画片","1-3岁"," hb23_cartoon_0806"
"一起跳一跳","3985","益智动画片","1-3岁"," hb23_cartoon_0901"
"妈妈是我的","3986","益智动画片","1-3岁"," hb23_cartoon_0902"
"是谁在帮忙","3987","益智动画片","1-3岁"," hb23_cartoon_0903"
"有趣的风筝","3988","益智动画片","1-3岁"," hb23_cartoon_0904"
"风在哪里","3989","益智动画片","1-3岁"," hb23_cartoon_0905"
"嗨哟嗨哟划船喽","3990","益智动画片","1-3岁"," hb23_cartoon_1001"
"太阳出来了","3991","益智动画片","1-3岁"," hb23_cartoon_1002"
"太阳和月亮","3992","益智动画片","1-3岁"," hb23_cartoon_1003"
"快乐学穿衣","3993","益智动画片","1-3岁"," hb23_cartoon_1004"
"白天和黑夜","3994","益智动画片","1-3岁"," hb23_cartoon_1005"
"好好说 不生气","3995","益智动画片","1-3岁"," hb23_cartoon_1101"
"我不挑食","3996","益智动画片","1-3岁"," hb23_cartoon_1102"
"我喜欢书","3997","益智动画片","1-3岁"," hb23_cartoon_1103"
"神奇的声音","3998","益智动画片","1-3岁"," hb23_cartoon_1104"
"雪娃娃 不哭不哭","3999","益智动画片","1-3岁"," hb23_cartoon_1105"
"下雪了","4000","益智动画片","1-3岁"," hb23_cartoon_1201"
"下雪真好玩","4001","益智动画片","1-3岁"," hb23_cartoon_1202"
"原来小影子是我的","4002","益智动画片","1-3岁"," hb23_cartoon_1203"
"自己吃饭香","4003","益智动画片","1-3岁"," hb23_cartoon_1204"
"谁的脚印","4004","益智动画片","1-3岁"," hb23_cartoon_1205"
"乘车安全我知道","4005","益智动画片","1-3岁"," hb34_cartoon_0101"
"各种各样的衣服","4006","益智动画片","1-3岁"," hb34_cartoon_0102"
"合成与分解","4007","益智动画片","1-3岁"," 1月3-4合成与分解"
"开动脑筋想办法","4008","益智动画片","1-3岁"," hb34_cartoon_0104"
"我们的衣服","4009","益智动画片","1-3岁"," hb34_cartoon_0105"
"说到做到我真棒","4010","益智动画片","1-3岁"," hb34_cartoon_0106"
"公共场所懂礼貌","4011","益智动画片","1-3岁"," hb34_cartoon_0201"
"刺猬兄弟分果子","4012","益智动画片","1-3岁"," hb34_cartoon_0202"
"节日里的烟花","4013","益智动画片","1-3岁"," hb34_cartoon_0203"
"试一试我也能做到","4014","益智动画片","1-3岁"," hb34_cartoon_0204"
"过年啦","4015","益智动画片","1-3岁"," hb34_cartoon_0205"
"这样读书真有趣","4016","益智动画片","1-3岁"," hb34_cartoon_0206"
"动物大聚餐","4017","益智动画片","1-3岁"," hb34_cartoon_0301"
"奇妙的植物","4018","益智动画片","1-3岁"," hb34_cartoon_0302"
"我不要做小魔怪","4019","益智动画片","1-3岁"," hb34_cartoon_0303"
"我是健康宝宝","4020","益智动画片","1-3岁"," hb34_cartoon_0304"
"本领大挑战","4021","益智动画片","1-3岁"," hb34_cartoon_0305"
"预防疾病我知道","4022","益智动画片","1-3岁"," hb34_cartoon_0306"
"买水果","4023","益智动画片","1-3岁"," hb34_cartoon_0401"
"我来说一说","4024","益智动画片","1-3岁"," hb34_cartoon_0402"
"特别的礼物","4025","益智动画片","1-3岁"," hb34_cartoon_0403"
"美味的甜点","4026","益智动画片","1-3岁"," hb34_cartoon_0404"
"送蛋宝宝回家","4027","益智动画片","1-3岁"," hb34_cartoon_0405"
"我来帮助你","4028","益智动画片","1-3岁"," hb34_cartoon_0501"
"故事里来的小木偶","4029","益智动画片","1-3岁"," hb34_cartoon_0502"
"耐心等一等","4030","益智动画片","1-3岁"," hb34_cartoon_0503"
"魔幻城堡之旅","4031","益智动画片","1-3岁"," hb34_cartoon_0504"
"热闹的马路","4032","益智动画片","1-3岁"," hb34_cartoon_0505"
"美丽的庭院","4033","益智动画片","1-3岁"," 5月3-4美丽的庭院"
"了不起的爸爸","4034","益智动画片","1-3岁"," hb34_cartoon_0601"
"好好回答问题","4035","益智动画片","1-3岁"," hb34_cartoon_0602"
"阿拉丁神灯","4036","益智动画片","1-3岁"," hb34_cartoon_0603"
"书是怎么来的","4037","益智动画片","1-3岁"," hb34_cartoon_0604"
"真棒","4038","英语小剧场","1-3岁"," hb23_play_10"
"对不起","4039","英语小剧场","1-3岁"," hb23_play_11"
"快帮忙啊","4040","英语小剧场","1-3岁"," hb23_play_12"
"长大了","4041","英语小剧场","1-3岁"," hb23_play_01"
"小心啊","4042","英语小剧场","1-3岁"," hb23_play_02"
"谢谢你","4043","英语小剧场","1-3岁"," hb23_play_03"
"快点儿","4044","英语小剧场","1-3岁"," hb23_play_04"
"哦，不！","4045","英语小剧场","1-3岁"," hb23_play_05"
"真好玩","4046","英语小剧场","1-3岁"," hb23_play_06"
"做得好","4047","英语小剧场","1-3岁"," hb23_play_07"
"哇塞","4048","英语小剧场","1-3岁"," hb23_play_08"
"你好","4049","英语小剧场","1-3岁"," hb23_play_09"
"三条小鱼","4050","英语小剧场","1-3岁"," hb34_play_01"
"天鹅的画","4051","英语小剧场","1-3岁"," hb34_play_02"
"我们的一家","4052","英语小剧场","1-3岁"," hb34_play_03"
"我的超级妈妈","4053","英语小剧场","1-3岁"," hb34_play_04"
"家庭日","4054","英语小剧场","1-3岁"," hb34_play_05"
"真好吃","4055","英语小剧场","1-3岁"," hb34_play_06"
"手指操","4056","欢乐音乐屋","4-6岁"," hb34_music_07"
"动物起床歌","4057","欢乐音乐屋","4-6岁"," hb34_music_08"
"小种子发芽了","4058","欢乐音乐屋","4-6岁"," hb34_music_09"
"乌龟游啊游","4059","欢乐音乐屋","4-6岁"," hb34_music_10"
"一起来跳舞","4060","欢乐音乐屋","4-6岁"," hb34_music_11"
"小雪花","4061","欢乐音乐屋","4-6岁"," hb34_music_12"
"划小船","4062","欢乐音乐屋","4-6岁"," hb45_music_0101"
"拉大锯扯大锯","4063","欢乐音乐屋","4-6岁"," hb45_music_0102"
"小小魔术师","4064","欢乐音乐屋","4-6岁"," hb45_music_0201"
"彩色沙锤","4065","欢乐音乐屋","4-6岁"," hb45_music_0202"
"镜子舞","4066","欢乐音乐屋","4-6岁"," hb45_music_0301"
"快乐的小厨师","4067","欢乐音乐屋","4-6岁"," hb45_music_0302"
"小汽车","4068","欢乐音乐屋","4-6岁"," hb45_music_0401"
"放风筝","4069","欢乐音乐屋","4-6岁"," hb45_music_0402"
"我是快乐好宝宝","4070","欢乐音乐屋","4-6岁"," hb45_music_0501"
"小手游戏","4071","欢乐音乐屋","4-6岁"," hb45_music_0502"
"梦想","4072","欢乐音乐屋","4-6岁"," hb45_music_0601"
"乐器演奏","4073","欢乐音乐屋","4-6岁"," hb45_music_0602"
"彩虹桥","4074","欢乐音乐屋","4-6岁"," hb45_music_0701"
"打蚊子","4075","欢乐音乐屋","4-6岁"," hb45_music_0702"
"蓝蓝大海边","4076","欢乐音乐屋","4-6岁"," hb45_music_0801"
"蚂蚁与大树","4077","欢乐音乐屋","4-6岁"," hb45_music_0802"
"我们去郊游","4078","欢乐音乐屋","4-6岁"," hb45_music_0901"
"盘子与饼干","4079","欢乐音乐屋","4-6岁"," hb45_music_0902"
"回声","4080","欢乐音乐屋","4-6岁"," hb45_music_1001"
"我的小花园","4081","欢乐音乐屋","4-6岁"," hb45_music_1002"
"动物园","4082","欢乐音乐屋","4-6岁"," hb45_music_1101"
"小孔雀","4083","欢乐音乐屋","4-6岁"," hb45_music_1102"
"小种子","4084","欢乐音乐屋","4-6岁"," hb45_music_1201"
"指挥家与舞蹈家","4085","欢乐音乐屋","4-6岁"," hb45_music_1202"
"小星星和小月亮","4086","欢乐音乐屋","4-6岁"," hb56_music_0101"
"快乐拼音律动操（一）声母g、k、h","4087","欢乐音乐屋","4-6岁"," hb56_music_0102"
"快乐拼音律动操（二）声母g、k加强训练","4088","欢乐音乐屋","4-6岁"," hb56_music_0103"
"快乐马车","4089","欢乐音乐屋","4-6岁"," hb56_music_0201"
"快乐拼音律动操（一）声母j、q、x","4090","欢乐音乐屋","4-6岁"," hb56_music_0202"
"快乐拼音律动操（二）声母j、q加强训练","4091","欢乐音乐屋","4-6岁"," hb56_music_0203"
"影子舞","4092","欢乐音乐屋","4-6岁"," hb56_music_0301"
"快乐拼音律动操(一)声母zh、ch、sh","4093","欢乐音乐屋","4-6岁"," hb56_music_0302"
"快乐拼音律动操（二）声母zh、ch加强训练","4094","欢乐音乐屋","4-6岁"," hb56_music_0303"
"拨弦","4095","欢乐音乐屋","4-6岁"," hb56_music_0401"
"快乐拼音律动操（一）声母z、c、s","4096","欢乐音乐屋","4-6岁"," hb56_music_0402"
"快乐拼音律动操（二）声母z、c、s、zh、ch、sh加强训练","4097","欢乐音乐屋","4-6岁"," hb56_music_0403"
"走与停","4098","欢乐音乐屋","4-6岁"," hb56_music_0501"
"快乐拼音律动操（一）声母r","4099","欢乐音乐屋","4-6岁"," hb56_music_0502"
"快乐拼音律动操（二）声母r和zh、ch、sh的发音训练","4100","欢乐音乐屋","4-6岁"," hb56_music_0503"
"身体打击乐（一）","4102","欢乐音乐屋","4-6岁"," hb56_music_0601"
"快乐拼音律动操（一）声母Y和i音","4103","欢乐音乐屋","4-6岁"," hb56_music_0602"
"快乐拼音律动操（二）声母Y和ü音","4104","欢乐音乐屋","4-6岁"," hb56_music_0603"
"身体打击乐（二）","4105","欢乐音乐屋","4-6岁"," hb56_music_0701"
"快乐拼音律动操声母w","4106","欢乐音乐屋","4-6岁"," hb56_music_0702"
"数蛤蟆","4107","欢乐音乐屋","4-6岁"," hb56_music_0801"
"快乐拼音律动操拼音总动员","4108","欢乐音乐屋","4-6岁"," hb56_music_0802"
"一起来问好","4109","欢乐音乐屋","4-6岁"," hb56_music_0901"
"快乐拼音律动操(一)声调","4110","欢乐音乐屋","4-6岁"," hb56_music_0902"
"快乐拼音律动操(二)声母bpm","4111","欢乐音乐屋","4-6岁"," hb56_music_0903"
"火车（一）","4112","欢乐音乐屋","4-6岁"," hb56_music_1001"
"快乐拼音律动操（一）声母f","4113","欢乐音乐屋","4-6岁"," hb56_music_1002"
"快乐拼音律动操（二）声母f加强训练","4114","欢乐音乐屋","4-6岁"," hb56_music_1003"
"快乐拼音律动操（一）声母d和t","4115","欢乐音乐屋","4-6岁"," hb56_music_1101"
"快乐拼音律动操（二）声母d、t加强训练","4116","欢乐音乐屋","4-6岁"," hb56_music_1102"
"火车（二）","4117","欢乐音乐屋","4-6岁"," hb56_music_1103"
"传球游戏","4118","欢乐音乐屋","4-6岁"," hb56_music_1201"
"快乐拼音律动操（一）声母n和l","4119","欢乐音乐屋","4-6岁"," hb56_music_1202"
"快乐拼音律动操（二）声母n和l加强训练","4120","欢乐音乐屋","4-6岁"," hb56_music_1203"
"会唱歌的水杯","4121","亲子游乐园","4-6岁"," hb34_park_08"
"舞林大会","4122","亲子游乐园","4-6岁"," hb34_park_11"
"有趣的形状游戏","4123","亲子游乐园","4-6岁"," hb34_park_12"
"小熊","4124","欢乐音乐屋","4-6岁"," hb34_music_park_07"
"我给妈妈做按摩","4125","欢乐音乐屋","4-6岁"," hb34_music_park_08"
"小兔子","4126","欢乐音乐屋","4-6岁"," hb34_music_park_09"
"小鸟","4127","欢乐音乐屋","4-6岁"," hb34_music_park_10"
"身体打击乐","4128","欢乐音乐屋","4-6岁"," hb34_music_park_11"
"传递游戏（一）","4129","欢乐音乐屋","4-6岁"," hb34_music_park_12"
"好玩的毛线","4130","亲子游乐园","4-6岁"," hb45_park_01"
"魔术大会","4131","亲子游乐园","4-6岁"," hb45_park_02"
"我的动物园","4132","亲子游乐园","4-6岁"," hb45_park_03"
"纸杯变变变","4133","亲子游乐园","4-6岁"," hb45_park_05"
"“东南西北”猜猜看","4134","亲子游乐园","4-6岁"," hb45_park_08"
"趣味足球赛","4135","亲子游乐园","4-6岁"," hb45_park_10"
"运水小魔术","4136","亲子游乐园","4-6岁"," hb45_park_12"
"欢乐采茶歌","4137","亲子游乐园","4-6岁"," hb56_park_05"
"水果娃娃来洗澡","4138","益智动画片","4-6岁"," hb34_cartoon_0701"
"没关系，你不是故意的","4139","益智动画片","4-6岁"," hb34_cartoon_0702"
"找到答案啦","4140","益智动画片","4-6岁"," hb34_cartoon_0703"
"小兔子和数字宝宝","4141","益智动画片","4-6岁"," hb34_cartoon_0704"
"快乐的夏天","4142","益智动画片","4-6岁"," hb34_cartoon_0705"
"夏天找凉快，动物们的夏天","4143","益智动画片","4-6岁"," hb34_cartoon_0706"
"安全小卫士","4144","益智动画片","4-6岁"," hb34_cartoon_0801"
"我真的很棒","4145","益智动画片","4-6岁"," hb34_cartoon_0802"
"小熊家的新房子","4146","益智动画片","4-6岁"," hb34_cartoon_0803"
"农场学校","4147","益智动画片","4-6岁"," hb34_cartoon_0804"
"农场里的故事","4148","益智动画片","4-6岁"," hb34_cartoon_0805"
"小耳朵仔细听","4149","益智动画片","4-6岁"," hb34_cartoon_0901"
"我会照顾自己","4150","益智动画片","4-6岁"," hb34_cartoon_0902"
"爱的味道","4151","益智动画片","4-6岁"," hb34_cartoon_0903"
"特别的鸟","4152","益智动画片","4-6岁"," hb34_cartoon_0904"
"神奇的形状画","4153","益智动画片","4-6岁"," hb34_cartoon_0905"
"鸟类朋友","4154","益智动画片","4-6岁"," hb34_cartoon_0906"
"仔细观察才知道","4155","益智动画片","4-6岁"," hb34_cartoon_1001"
"学会交朋友","4156","益智动画片","4-6岁"," hb34_cartoon_1002"
"小熊过生日","4157","益智动画片","4-6岁"," hb34_cartoon_1003"
"我们的社区","4158","益智动画片","4-6岁"," hb34_cartoon_1004"
"我来当船长","4159","益智动画片","4-6岁"," hb34_cartoon_1005"
"新布谷鸟飞来了","4160","益智动画片","4-6岁"," hb34_cartoon_1006"
"今天我长大了","4161","益智动画片","4-6岁"," hb34_cartoon_1101"
"健康饮食我知道","4162","益智动画片","4-6岁"," hb34_cartoon_1102"
"大和小","4163","益智动画片","4-6岁"," hb34_cartoon_1103"
"妈妈生日快乐","4164","益智动画片","4-6岁"," hb34_cartoon_1104"
"我爱旅行","4165","益智动画片","4-6岁"," hb34_cartoon_1105"
"我的兴趣","4166","益智动画片","4-6岁"," hb34_cartoon_1106"
"冬天里的运动","4167","益智动画片","4-6岁"," hb34_cartoon_1201"
"寻找魔法棒","4168","益智动画片","4-6岁"," hb34_cartoon_1202"
"拔蘑菇","4169","益智动画片","4-6岁"," hb34_cartoon_1203"
"提前做准备","4170","益智动画片","4-6岁"," hb34_cartoon_1204"
"海洋动物","4171","益智动画片","4-6岁"," hb34_cartoon_1205"
"雪地上的乐趣","4172","益智动画片","4-6岁"," hb34_cartoon_1206"
"《有趣的塑料》","4173","益智动画片","4-6岁"," hb45_cartoon_0101"
"分西瓜","4174","益智动画片","4-6岁"," hb45_cartoon_0102"
"好好玩不吵架一","4175","益智动画片","4-6岁"," hb45_cartoon_0103"
"好好玩不吵架二","4176","益智动画片","4-6岁"," hb45_cartoon_0104"
"我能打败大妖怪","4177","益智动画片","4-6岁"," hb45_cartoon_0105"
"哪边多","4178","益智动画片","4-6岁"," hb45_cartoon_0201"
"大胆表现我最棒","4179","益智动画片","4-6岁"," hb45_cartoon_0202"
"植物探秘","4180","益智动画片","4-6岁"," hb45_cartoon_0203"
"热热那闹闹元宵节","4181","益智动画片","4-6岁"," hb45_cartoon_0204"
"糟了，白云要掉下来了","4182","益智动画片","4-6岁"," hb45_cartoon_0205"
"两个两个数","4183","益智动画片","4-6岁"," hb45_cartoon_0301"
"了不起的职业","4184","益智动画片","4-6岁"," hb45_cartoon_0302"
"合作多愉快","4185","益智动画片","4-6岁"," hb45_cartoon_0303"
"寄给爸爸的拥抱","4186","益智动画片","4-6岁"," hb45_cartoon_0304"
"特色民居","4187","益智动画片","4-6岁"," hb45_cartoon_0305"
"地球你好","4188","益智动画片","4-6岁"," hb45_cartoon_0401"
"大家一起来帮忙","4189","益智动画片","4-6岁"," hb45_cartoon_0402"
"我的嘴巴回来了","4190","益智动画片","4-6岁"," hb45_cartoon_0403"
"村居","4191","益智动画片","4-6岁"," hb45_cartoon_0404"
"森林晚会","4192","益智动画片","4-6岁"," hb45_cartoon_0405"
"乌鸦喝水","4193","益智动画片","4-6岁"," hb45_cartoon_0501"
"对不起，朋友","4194","益智动画片","4-6岁"," hb45_cartoon_0502"
"奇怪的花园","4195","益智动画片","4-6岁"," hb45_cartoon_0503"
"水的旅行","4196","益智动画片","4-6岁"," hb45_cartoon_0504"
"小米的花裙子","4197","益智动画片","4-6岁"," hb45_cartoon_0505"
"中国娃娃有趣的京剧","4198","益智动画片","4-6岁"," hb45_cartoon_0601"
"我从哪里来","4199","益智动画片","4-6岁"," hb45_cartoon_0602"
"小眼睛大世界感官探秘","4200","益智动画片","4-6岁"," hb45_cartoon_0603"
"你想坐我的脚踏车吗","4201","益智动画片","4-6岁"," hb45_cartoon_0604"
"在森林里","4202","益智动画片","4-6岁"," hb45_cartoon_0605"
"我和你不同","4203","益智动画片","4-6岁"," hb45_cartoon_0606"
"中国娃娃陶艺乐趣多","4204","益智动画片","4-6岁"," hb45_cartoon_0701"
"三只小猪","4205","益智动画片","4-6岁"," hb45_cartoon_0702"
"小眼睛大世界小小建筑师","4206","益智动画片","4-6岁"," hb45_cartoon_0703"
"是我打翻了草莓酱","4207","益智动画片","4-6岁"," hb45_cartoon_0704"
"兔宝宝学分类","4208","益智动画片","4-6岁"," hb45_cartoon_0705"
"你的感受我知道","4209","益智动画片","4-6岁"," hb45_cartoon_0706"
"小兔过河","4210","益智动画片","4-6岁"," hb45_cartoon_0801"
"小眼睛大世界动物王国","4211","益智动画片","4-6岁"," hb45_cartoon_0802"
"我们去找宝藏吧","4212","益智动画片","4-6岁"," hb45_cartoon_0803"
"美丽的池塘","4213","益智动画片","4-6岁"," hb45_cartoon_0804"
"男孩和女孩","4214","益智动画片","4-6岁"," hb45_cartoon_0805"
"蚂蚁飞上天","4215","益智动画片","4-6岁"," hb45_cartoon_0901"
"有趣的号码牌","4216","益智动画片","4-6岁"," hb45_cartoon_0902"
"汪汪乖乖我爱你","4217","益智动画片","4-6岁"," hb45_cartoon_0903"
"我和爸爸","4218","益智动画片","4-6岁"," hb45_cartoon_0904"
"神奇的电","4219","益智动画片","4-6岁"," hb45_cartoon_0905"
"了不起的竹子","4220","益智动画片","4-6岁"," hb45_cartoon_1001"
"小鸡掉进洞里了","4221","益智动画片","4-6岁"," hb45_cartoon_1002"
"我们都是好朋友","4222","益智动画片","4-6岁"," hb45_cartoon_1003"
"木屋里的老爷爷","4223","益智动画片","4-6岁"," hb45_cartoon_1004"
"真的一样多吗","4224","益智动画片","4-6岁"," hb45_cartoon_1005"
"食物的秘密","4225","益智动画片","4-6岁"," hb45_cartoon_1006"
"和小熊一起玩","4226","益智动画片","4-6岁"," hb45_cartoon_1101"
"大自然的合作","4227","益智动画片","4-6岁"," hb45_cartoon_1102"
"我想做个宇航员","4228","益智动画片","4-6岁"," hb45_cartoon_1103"
"新龟兔赛跑","4229","益智动画片","4-6岁"," hb45_cartoon_1104"
"民族大观园","4230","益智动画片","4-6岁"," hb45_cartoon_1105"
"老师 我喜欢你","4231","益智动画片","4-6岁"," hb45_cartoon_1106"
"再也不画一半了","4232","益智动画片","4-6岁"," hb45_cartoon_1201"
"困难我不怕","4233","益智动画片","4-6岁"," hb45_cartoon_1202"
"奇妙的四季","4234","益智动画片","4-6岁"," hb45_cartoon_1203"
"未来的汽车","4235","益智动画片","4-6岁"," hb45_cartoon_1204"
"美味的早餐","4236","益智动画片","4-6岁"," hb45_cartoon_1205"
"神奇的镜子","4237","益智动画片","4-6岁"," hb56_cartoon_0101"
"亡羊补牢","4238","益智动画片","4-6岁"," hb56_cartoon_0102"
"土字旁的汉字","4239","益智动画片","4-6岁"," hb56_cartoon_0103"
"好好合作玩游戏","4240","益智动画片","4-6岁"," hb56_cartoon_0104"
"我能照顾好妹妹","4241","益智动画片","4-6岁"," hb56_cartoon_0105"
"昆虫的奥秘","4242","益智动画片","4-6岁"," hb56_cartoon_0106"
"木字旁的汉字","4243","益智动画片","4-6岁"," hb56_cartoon_0107"
"大自然的魔力","4244","益智动画片","4-6岁"," hb56_cartoon_0201"
"小米的心情变晴了","4245","益智动画片","4-6岁"," hb56_cartoon_0202"
"我会看日历","4246","益智动画片","4-6岁"," hb56_cartoon_0203"
"画蛇添足","4247","益智动画片","4-6岁"," hb56_cartoon_0204"
"绞丝旁的汉字","4248","益智动画片","4-6岁"," hb56_cartoon_0205"
"衣字（衤）旁的汉字","4249","益智动画片","4-6岁"," hb56_cartoon_0206"
"越变越大的魔力扇","4250","益智动画片","4-6岁"," hb56_cartoon_0207"
"世界上最美味的蛋糕","4251","益智动画片","4-6岁"," hb56_cartoon_0301"
"五个鼠宝宝","4252","益智动画片","4-6岁"," hb56_cartoon_0302"
"人体大发现","4253","益智动画片","4-6岁"," hb56_cartoon_0303"
"我来帮助你","4254","益智动画片","4-6岁"," hb56_cartoon_0304"
"掩耳盗铃","4255","益智动画片","4-6岁"," hb56_cartoon_0305"
"目字旁的汉字","4256","益智动画片","4-6岁"," hb56_cartoon_0306"
"反犬旁的汉字","4257","益智动画片","4-6岁"," hb56_cartoon_0401"
"小老鼠偷金币","4258","益智动画片","4-6岁"," hb56_cartoon_0402"
"形形色色的车","4259","益智动画片","4-6岁"," hb56_cartoon_0403"
"要是没有了耳朵","4260","益智动画片","4-6岁"," hb56_cartoon_0404"
"遇到意外我不怕","4261","益智动画片","4-6岁"," hb56_cartoon_0405"
"邯郸学步","4262","益智动画片","4-6岁"," hb56_cartoon_0406"
"地球村的居民","4263","益智动画片","4-6岁"," hb56_cartoon_0501"
"树房子里的新客人","4264","益智动画片","4-6岁"," hb56_cartoon_0502"
"浣熊兄弟学木匠","4265","益智动画片","4-6岁"," hb56_cartoon_0503"
"一起来分享","4266","益智动画片","4-6岁"," hb56_cartoon_0504"
"口字旁的汉字","4267","益智动画片","4-6岁"," hb56_cartoon_0505"
"海底漫游","4268","益智动画片","4-6岁"," hb56_cartoon_0601"
"这可不是一件小事情","4269","益智动画片","4-6岁"," hb56_cartoon_0602"
"叮叮咚咚去超市","4270","益智动画片","4-6岁"," hb56_cartoon_0603"
"每个人都很重要","4271","益智动画片","4-6岁"," hb56_cartoon_0604"
"“氵”偏旁的汉字","4272","益智动画片","4-6岁"," hb56_cartoon_0605"
"改变生活的发明","4273","益智动画片","4-6岁"," hb56_cartoon_0701"
"我有自己的小存折啦","4274","益智动画片","4-6岁"," hb56_cartoon_0702"
"勇闯图形岛","4275","益智动画片","4-6岁"," hb56_cartoon_0703"
"小小志愿者","4276","益智动画片","4-6岁"," hb56_cartoon_0704"
"竖心旁和心字旁的汉字","4277","益智动画片","4-6岁"," hb56_cartoon_0705"
"中国功夫","4278","益智动画片","4-6岁"," hb56_cartoon_0801"
"各种各样的运动","4279","益智动画片","4-6岁"," hb56_cartoon_0802"
"幼儿园来了个男老师","4280","益智动画片","4-6岁"," hb56_cartoon_0803"
"魔术师","4281","益智动画片","4-6岁"," hb56_cartoon_0804"
"小艾大反串","4282","益智动画片","4-6岁"," hb56_cartoon_0805"
"“日”字旁的汉字","4283","益智动画片","4-6岁"," hb56_cartoon_0806"
"拔苗助长","4284","益智动画片","4-6岁"," hb56_cartoon_0901"
"有趣的食物链","4285","益智动画片","4-6岁"," hb56_cartoon_0902"
"小蜗牛的秘密","4286","益智动画片","4-6岁"," hb56_cartoon_0903"
"小小计划表","4287","益智动画片","4-6岁"," hb56_cartoon_0904"
"给妈妈的礼物","4288","益智动画片","4-6岁"," hb56_cartoon_0905"
"我有一个储蓄罐","4289","益智动画片","4-6岁"," hb56_cartoon_0906"
"鸟和虫字旁的汉字","4290","益智动画片","4-6岁"," hb56_cartoon_0907"
"愚公移山","4291","益智动画片","4-6岁"," hb56_cartoon_1001"
"城市探索","4292","益智动画片","4-6岁"," hb56_cartoon_1002"
"我很厉害","4293","益智动画片","4-6岁"," hb56_cartoon_1003"
"我会自己做","4294","益智动画片","4-6岁"," hb56_cartoon_1004"
"摘果子","4295","益智动画片","4-6岁"," hb56_cartoon_1005"
"环保小卫士","4296","益智动画片","4-6岁"," hb56_cartoon_1006"
"草和竹偏旁","4297","益智动画片","4-6岁"," hb56_cartoon_1007"
"“火”和“灬”偏旁","4298","益智动画片","4-6岁"," hb56_cartoon_1101"
"一起去找恐龙石","4299","益智动画片","4-6岁"," hb56_cartoon_1102"
"大座钟里的秘密","4300","益智动画片","4-6岁"," hb56_cartoon_1103"
"守株待兔","4301","益智动画片","4-6岁"," hb56_cartoon_1104"
"我会守规则","4302","益智动画片","4-6岁"," hb56_cartoon_1105"
"我的学习好伙伴","4303","益智动画片","4-6岁"," hb56_cartoon_1106"
"消失了的动物","4304","益智动画片","4-6岁"," hb56_cartoon_1107"
"“扌”偏旁","4305","益智动画片","4-6岁"," hb56_cartoon_1201"
"井底之蛙","4306","益智动画片","4-6岁"," hb56_cartoon_1202"
"今天我是值日生","4307","益智动画片","4-6岁"," hb56_cartoon_1203"
"太空之旅","4308","益智动画片","4-6岁"," hb56_cartoon_1204"
"我爱爷爷奶奶","4309","益智动画片","4-6岁"," hb56_cartoon_1205"
"新年聚会","4310","益智动画片","4-6岁"," hb56_cartoon_1206"
"送小星星回家","4311","益智动画片","4-6岁"," hb56_cartoon_1207"
"“京族三岛”的来历","4312","益智动画片","4-6岁"," mz_cartoon_001"
"三兄弟放牧的故事","4313","益智动画片","4-6岁"," mz_cartoon_002"
"三尾螺簪的故事","4314","益智动画片","4-6岁"," mz_cartoon_003"
"三月三的传说","4315","益智动画片","4-6岁"," mz_cartoon_004"
"三邻舍的故事","4316","益智动画片","4-6岁"," mz_cartoon_005"
"太空旅行","4327","英语小剧场","4-6岁"," hb34_play_08"
"饥饿的狼","4330","早教乐乐园","4-6岁"," hb34_play_07"
"我的宠物朋友们","4332","早教乐乐园","4-6岁"," hb34_play_09"
"农场晚会","4333","早教乐乐园","4-6岁"," hb34_play_10"
"今晚，我们出去了","4334","早教乐乐园","4-6岁"," hb34_play_11"
"我的彩色房间","4335","早教乐乐园","4-6岁"," hb34_play_12"
"真有趣","4336","早教乐乐园","4-6岁"," hb45_play_01"
"乱糟糟","4337","早教乐乐园","4-6岁"," hb45_play_02"
"春天来了","4338","早教乐乐园","4-6岁"," hb45_play_03"
"植物是怎样生长的","4339","早教乐乐园","4-6岁"," hb45_play_04"
"妈妈的帽子","4340","早教乐乐园","4-6岁"," hb45_play_05"
"父亲节","4341","早教乐乐园","4-6岁"," hb45_play_06"
"我的暑假","4342","早教乐乐园","4-6岁"," hb45_play_07"
"我们的奥运会","4343","早教乐乐园","4-6岁"," hb45_play_08"
"我的身体","4344","早教乐乐园","4-6岁"," hb45_play_09"
"我的感觉","4345","早教乐乐园","4-6岁"," hb45_play_10"
"怪兽","4346","早教乐乐园","4-6岁"," hb45_play_11"
"我们去玩吧","4347","早教乐乐园","4-6岁"," hb45_play_12"
"雪人","4348","早教乐乐园","4-6岁"," hb56_play_01"
"雪地里的痕迹","4349","早教乐乐园","4-6岁"," hb56_play_02"
"我们是朋友","4350","早教乐乐园","4-6岁"," hb56_play_03"
"你愿意做我的朋友吗","4351","早教乐乐园","4-6岁"," hb56_play_04"
"我最好的朋友","4352","早教乐乐园","4-6岁"," hb56_play_05"
"我的牙掉了","4353","早教乐乐园","4-6岁"," hb56_play_06"
"神奇的魔力","4354","早教乐乐园","4-6岁"," hb56_play_07"
"我准备好了","4355","早教乐乐园","4-6岁"," hb56_play_08"
"秋天来了","4356","早教乐乐园","4-6岁"," hb56_play_09"
"万圣节快乐","4357","早教乐乐园","4-6岁"," hb56_play_10"
"秋天的叶子","4358","早教乐乐园","4-6岁"," hb56_play_11"
"圣诞愿望","4359","早教乐乐园","4-6岁"," hb56_play_12"
